Cidade,Estado,ID,Latitude,Longitude,Amazonia,População,População com acesso à água,População sem acesso à água,População com coleta de esgoto,População sem coleta de esgoto,Parcela da população sem acesso à água,Parcela da população com acesso à água,Parcela da população sem coleta de esgoto,Parcela da população com coleta de esgoto,Densidade demográfica,Área do município,Receita direta e indireta total,Parcela das moradias sem banheiro,Incidência de internações por diarreia,Taxa de óbitos por doenças de veiculação hídrica,Consumo per capita de água,Perdas na distribuição,Índice de esgoto tratado referido à água consumida,Tarifa de água,Custo com energia elétrica,Incidência de internações totais por doenças de veiculação hídrica,Moradias sem banheiro
Cruzeiro do Sul,Acre,120020,-7.6362478,-72.6691649,Sim,91888.0,46566.0,45322.0,0.0,91888.0,0.493,0.507,1.0,0.0,10.47,8779.403,5295069.28,0.1996,4.135,0.109,60,0.695,0,2.63,5221845.92,26.445,5337
Rio Branco,Acre,120040,-9.9765362,-67.8220778,Sim,364756.0,195152.0,169604.0,75383.0,289373.0,0.465,0.535,0.793,0.207,41.29,8834.942,49594663.94,0.0413,1.206,0.055,97.57,0.566,0.007,2.94,15725116.3,2.604,5116
Arapiraca,Alagoas,270030,-9.754866,-36.661471,Não,,,,,,,,,,,,,,,,,,,,,,
Barra de Santo Antônio,Alagoas,270050,-9.4038098,-35.5117693,Não,,,,,,,,,,,,,,,,,,,,,,
Barra de São Miguel,Alagoas,270060,-9.8261357,-35.8837777,Não,,,,,,,,,,,,,,,,,,,,,,
Campo Alegre,Alagoas,270140,-9.7798607,-36.3575793,Não,,,,,,,,,,,,,,,,,,,,,,
Coqueiro Seco,Alagoas,270220,-9.637147,-35.799377,Não,,,,,,,,,,,,,,,,,,,,,,
Coruripe,Alagoas,270230,-10.1249963,-36.1760623,Não,,,,,,,,,,,,,,,,,,,,,,
Delmiro Gouveia,Alagoas,270240,-9.3841161,-37.997756,Não,,,,,,,,,,,,,,,,,,,,,,
Maceió,Alagoas,270430,-9.6476843,-35.7339264,Não,,,,,,,,,,,,,,,,,,,,,,
Marechal Deodoro,Alagoas,270470,-9.709715,-35.896731,Não,,,,,,,,,,,,,,,,,,,,,,
Messias,Alagoas,270520,-9.393843,-35.839182,Não,,,,,,,,,,,,,,,,,,,,,,
Palmeira dos Índios,Alagoas,270630,-9.4076249,-36.6323616,Não,,,,,,,,,,,,,,,,,,,,,,
Paripueira,Alagoas,270644,-9.463133,-35.551977,Não,,,,,,,,,,,,,,,,,,,,,,
Penedo,Alagoas,270670,-10.2872341,-36.5819262,Não,,,,,,,,,,,,,,,,,,,,,,
Pilar,Alagoas,270690,-9.6016711,-35.9511275,Não,,,,,,,,,,,,,,,,,,,,,,
Rio Largo,Alagoas,270770,-9.477829,-35.839435,Não,,,,,,,,,,,,,,,,,,,,,,
Santa Luzia do Norte,Alagoas,270790,-9.6037,-35.823196,Não,,,,,,,,,,,,,,,,,,,,,,
São Miguel dos Campos,Alagoas,270860,-9.7831115,-36.0967804,Não,,,,,,,,,,,,,,,,,,,,,,
Satuba,Alagoas,270890,-9.569113,-35.822697,Não,,,,,,,,,,,,,,,,,,,,,,
União dos Palmares,Alagoas,270930,-9.1576807,-36.0342251,Não,,,,,,,,,,,,,,,,,,,,,,
Macapá,Amapá,160030,0.0401529,-51.0569588,Sim,442933.0,240857.0,202076.0,35660.0,407273.0,0.456,0.544,0.919,0.081,68.11,6503.458,58973856.06,0.0229,1.806,0,65.7,0.714,0.222,3.33,7663301.09,2.28,2828
Santana,Amapá,160060,-0.0307068,-51.1789666,Sim,107618.0,48518.0,59100.0,1415.0,106203.0,0.549,0.451,0.987,0.013,69.83,1541.224,9278073.05,0.0368,8.549,0.279,90.82,0.584,0,2.45,2220334.47,9.664,1060
Careiro da Várzea,Amazonas,130115,-3.197024,-59.8259104,Sim,19637.0,549.0,19088.0,0.0,19637.0,0.972,0.028,1.0,0.0,7.47,2627.474,309691.61,0.213,2.037,0,20.93,0.7,0,0.56,95088.35,2.037,1231
Coari,Amazonas,130120,-4.0885957,-63.1431166,Sim,70616.0,11246.0,59370.0,0.0,70616.0,0.841,0.159,1.0,0.0,1.22,57970.768,909202,0.183,12.32,0,15.7,0.111,0,2.35,126250,16.71,3215
Humaitá,Amazonas,130170,-7.5099404,-63.0248674,Sim,57473.0,57195.0,278.0,0.0,57473.0,0.005,0.995,1.0,0.0,1.74,33111.164,2760297.34,0.1383,5.22,0.522,106.1,0.682,0,1.24,1140000,13.92,1994
Iranduba,Amazonas,130185,-3.2758203,-60.1867429,Sim,61163.0,35610.0,25553.0,0.0,61163.0,0.418,0.582,1.0,0.0,27.59,2216.817,1578335.72,0.0632,9.483,0,69.88,0.096,0,3.42,1,10.954,1122
Itacoatiara,Amazonas,130190,-3.1477898,-58.4461041,Sim,103598.0,60856.0,42742.0,0.0,103598.0,0.413,0.587,1.0,0.0,11.65,8891.906,4985641.46,0.0775,6.081,0.193,333,0.245,0,1.49,14890.46,6.371,2143
Manacapuru,Amazonas,130250,-3.2996768,-60.6213528,Sim,101883.0,92000.0,9883.0,0.0,101883.0,0.097,0.903,1.0,0.0,13.89,7336.579,4917433.84,0.0885,20.612,0.196,43.03,0.048,0,2.56,,21.103,2379
Manaus,Amazonas,130260,-3.1316333,-59.9825041,Sim,2063689.0,2053105.0,10584.0,538324.0,1525365.0,0.005,0.995,0.739,0.261,181.01,11401.092,734739921.72,0.0091,6.968,0.126,133.84,0.554,0.218,6.49,75852325.68,8.092,5730
Manicoré,Amazonas,130270,-5.804618,-61.289483,Sim,53914.0,25804.0,28110.0,0.0,53914.0,0.521,0.479,1.0,0.0,1.12,48315.022,722235.35,0.276,13.169,0,204.18,0.193,0,0.12,475737.4,14.653,3359
Maués,Amazonas,130290,-3.3795798,-57.7196072,Sim,61204.0,30249.0,30955.0,12800.0,48404.0,0.506,0.494,0.791,0.209,1.53,39991.067,2506356.01,0.345,27.122,0.654,107,0.469,0,1.61,10450.77,27.613,4579
Novo Airão,Amazonas,130320,-2.6260236,-60.9434406,Sim,15761.0,15761.0,0.0,0.0,15761.0,0.0,1.0,1.0,0.0,0.42,37805.257,792555.8,0.1998,2.538,0,293.56,0.12,0,0.46,288696.88,11.421,832
Parintins,Amazonas,130340,-2.6344567,-56.7319324,Sim,96372.0,96000.0,372.0,0.0,96372.0,0.004,0.996,1.0,0.0,16.18,5956.373,8377623.61,0.1315,8.405,0,102.68,0.713,0,2.23,762438.32,9.028,3143
Presidente Figueiredo,Amazonas,130353,-2.0486359,-60.0236658,Sim,30668.0,17000.0,13668.0,5000.0,25668.0,0.446,0.554,0.837,0.163,1.21,25412.265,1250000,0.0753,3.261,0,160.89,0.142,0,0.72,120000,4.891,707
Rio Preto da Eva,Amazonas,130356,-2.6990647,-59.7012494,Sim,24936.0,21542.0,3394.0,0.0,24936.0,0.136,0.864,1.0,0.0,4.29,5815.622,2011641,0.0731,5.213,0,131.84,0.172,0,1.36,395421,6.015,571
Tabatinga,Amazonas,130406,-4.2327349,-69.9263372,Sim,66764.0,18840.0,47924.0,0.0,66764.0,0.718,0.282,1.0,0.0,20.44,3266.062,456691.2,0.2268,3.295,0,56.99,0.7,0,0.1,96841.43,6.74,3138
Tefé,Amazonas,130420,-3.3485276,-64.7102278,Sim,73669.0,60154.0,13515.0,0.0,73669.0,0.183,0.817,1.0,0.0,3.11,23692.223,1943104.53,0.1787,13.574,0,102.72,0.53,0,0.7,,15.067,3120
Alagoinhas,Bahia,290070,-12.133526,-38.420772,Não,,,,,,,,,,,,,,,,,,,,,,
Araci,Bahia,290210,-11.3390214,-38.9586849,Não,,,,,,,,,,,,,,,,,,,,,,
Barra,Bahia,290270,-11.0891794,-43.1414512,Não,,,,,,,,,,,,,,,,,,,,,,
Barreiras,Bahia,290320,-12.1440031,-44.9967406,Não,,,,,,,,,,,,,,,,,,,,,,
Bom Jesus da Lapa,Bahia,290390,-13.2498754,-43.4101019,Não,,,,,,,,,,,,,,,,,,,,,,
Brumado,Bahia,290460,-14.2025099,-41.6701307,Não,,,,,,,,,,,,,,,,,,,,,,
Caetité,Bahia,290520,-14.0691776,-42.4852428,Não,,,,,,,,,,,,,,,,,,,,,,
Camaçari,Bahia,290570,-12.6998188,-38.3260762,Não,,,,,,,,,,,,,,,,,,,,,,
Campo Formoso,Bahia,290600,-10.51055,-40.320031,Não,,,,,,,,,,,,,,,,,,,,,,
Candeias,Bahia,290650,-12.6693806,-38.5406462,Não,,,,,,,,,,,,,,,,,,,,,,
Casa Nova,Bahia,290720,-9.1736775,-40.9734475,Não,,,,,,,,,,,,,,,,,,,,,,
Catu,Bahia,290750,-12.351274,-38.379108,Não,,,,,,,,,,,,,,,,,,,,,,
Conceição do Coité,Bahia,290840,-11.5629384,-39.2839543,Não,,,,,,,,,,,,,,,,,,,,,,
Cruz das Almas,Bahia,290980,-12.6722649,-39.1053665,Não,,,,,,,,,,,,,,,,,,,,,,
Dias d'Ávila,Bahia,291005,-12.6107233,-38.3028518,Não,,,,,,,,,,,,,,,,,,,,,,
Euclides da Cunha,Bahia,291070,-10.5068008,-39.0165817,Não,,,,,,,,,,,,,,,,,,,,,,
Eunápolis,Bahia,291072,-16.3766148,-39.586449,Não,,,,,,,,,,,,,,,,,,,,,,
Feira de Santana,Bahia,291080,-12.2578934,-38.9598047,Não,,,,,,,,,,,,,,,,,,,,,,
Guanambi,Bahia,291170,-14.223066,-42.779943,Não,,,,,,,,,,,,,,,,,,,,,,
Ilhéus,Bahia,291360,-14.792599,-39.0453843,Não,,,,,,,,,,,,,,,,,,,,,,
Ipirá,Bahia,291400,-12.1578337,-39.7416605,Não,,,,,,,,,,,,,,,,,,,,,,
Irecê,Bahia,291460,-11.3034965,-41.8557929,Não,,,,,,,,,,,,,,,,,,,,,,
Itaberaba,Bahia,291470,-12.524182,-40.305897,Não,,,,,,,,,,,,,,,,,,,,,,
Itabuna,Bahia,291480,-14.793173,-39.2750341,Não,,,,,,,,,,,,,,,,,,,,,,
Itamaraju,Bahia,291560,-17.0340092,-39.5315525,Não,,,,,,,,,,,,,,,,,,,,,,
Itaparica,Bahia,291610,-12.8936023,-38.6798141,Não,,,,,,,,,,,,,,,,,,,,,,
Itapetinga,Bahia,291640,-15.2454478,-40.2460053,Não,,,,,,,,,,,,,,,,,,,,,,
Jacobina,Bahia,291750,-11.1851561,-40.5112434,Não,,,,,,,,,,,,,,,,,,,,,,
Jaguaquara,Bahia,291760,-13.5294974,-39.9693081,Não,,,,,,,,,,,,,,,,,,,,,,
Jequié,Bahia,291800,-13.8604033,-40.0719627,Não,,,,,,,,,,,,,,,,,,,,,,
Juazeiro,Bahia,291840,-9.4336959,-40.5068201,Não,,,,,,,,,,,,,,,,,,,,,,
Lauro de Freitas,Bahia,291920,-12.89242,-38.3127691,Não,,,,,,,,,,,,,,,,,,,,,,
Luís Eduardo Magalhães,Bahia,291955,-12.0869117,-45.7834163,Não,,,,,,,,,,,,,,,,,,,,,,
Madre de Deus,Bahia,291992,-12.7424741,-38.6152913,Não,,,,,,,,,,,,,,,,,,,,,,
Mata de São João,Bahia,292100,-12.530685,-38.300898,Não,,,,,,,,,,,,,,,,,,,,,,
Paulo Afonso,Bahia,292400,-9.3991006,-38.226711,Não,,,,,,,,,,,,,,,,,,,,,,
Pojuca,Bahia,292520,-12.4260268,-38.3266573,Não,,,,,,,,,,,,,,,,,,,,,,
Porto Seguro,Bahia,292530,-16.443473,-39.064251,Não,,,,,,,,,,,,,,,,,,,,,,
Ribeira do Pombal,Bahia,292660,-10.8357496,-38.5368506,Não,,,,,,,,,,,,,,,,,,,,,,
Salvador,Bahia,292740,-12.9822499,-38.4812772,Não,,,,,,,,,,,,,,,,,,,,,,
Santo Amaro,Bahia,292860,-12.5519686,-38.7060448,Não,,,,,,,,,,,,,,,,,,,,,,
Santo Antônio de Jesus,Bahia,292870,-12.9689361,-39.260914,Não,,,,,,,,,,,,,,,,,,,,,,
Santo Estêvão,Bahia,292880,-12.4340621,-39.2556115,Não,,,,,,,,,,,,,,,,,,,,,,
São Francisco do Conde,Bahia,292920,-12.628108,-38.6811326,Não,,,,,,,,,,,,,,,,,,,,,,
São Sebastião do Passé,Bahia,292950,-12.5177926,-38.4921566,Não,,,,,,,,,,,,,,,,,,,,,,
Senhor do Bonfim,Bahia,293010,-10.4602509,-40.189151,Não,,,,,,,,,,,,,,,,,,,,,,
Serrinha,Bahia,293050,-11.66199,-39.0034021,Não,,,,,,,,,,,,,,,,,,,,,,
Simões Filho,Bahia,293070,-12.7867839,-38.4030365,Não,,,,,,,,,,,,,,,,,,,,,,
Teixeira de Freitas,Bahia,293135,-17.5384774,-39.7451701,Não,,,,,,,,,,,,,,,,,,,,,,
Tucano,Bahia,293190,-10.963517,-38.785957,Não,,,,,,,,,,,,,,,,,,,,,,
Valença,Bahia,293290,-13.3723582,-39.0694243,Não,,,,,,,,,,,,,,,,,,,,,,
Vera Cruz,Bahia,293320,-12.9608153,-38.6099216,Não,,,,,,,,,,,,,,,,,,,,,,
Vitória da Conquista,Bahia,293330,-14.8567487,-40.8414804,Não,,,,,,,,,,,,,,,,,,,,,,
Acaraú,Ceará,230020,-2.8869514,-40.1194713,Não,,,,,,,,,,,,,,,,,,,,,,
Acopiara,Ceará,230030,-6.0936464,-39.4543204,Não,,,,,,,,,,,,,,,,,,,,,,
Aquiraz,Ceará,230100,-3.9063117,-38.387504,Não,,,,,,,,,,,,,,,,,,,,,,
Aracati,Ceará,230110,-4.558259,-37.767894,Não,,,,,,,,,,,,,,,,,,,,,,
Barbalha,Ceará,230190,-7.3121067,-39.3036427,Não,,,,,,,,,,,,,,,,,,,,,,
Beberibe,Ceará,230220,-4.1810469,-38.1298101,Não,,,,,,,,,,,,,,,,,,,,,,
Boa Viagem,Ceará,230240,-5.1261877,-39.7300055,Não,,,,,,,,,,,,,,,,,,,,,,
Camocim,Ceará,230260,-2.9009918,-40.8427389,Não,,,,,,,,,,,,,,,,,,,,,,
Canindé,Ceará,230280,-4.3547946,-39.3108516,Não,,,,,,,,,,,,,,,,,,,,,,
Cascavel,Ceará,230350,-4.129666,-38.241178,Não,,,,,,,,,,,,,,,,,,,,,,
Caucaia,Ceará,230370,-3.7300563,-38.6593082,Não,,,,,,,,,,,,,,,,,,,,,,
Chorozinho,Ceará,230395,-4.3010895,-38.4976923,Não,,,,,,,,,,,,,,,,,,,,,,
Crateús,Ceará,230410,-5.1782451,-40.6696545,Não,,,,,,,,,,,,,,,,,,,,,,
Crato,Ceará,230420,-7.2369112,-39.4149236,Não,,,,,,,,,,,,,,,,,,,,,,
Eusébio,Ceará,230428,-3.8889838,-38.4546585,Não,,,,,,,,,,,,,,,,,,,,,,
Fortaleza,Ceará,230440,-3.7304512,-38.5217989,Não,,,,,,,,,,,,,,,,,,,,,,
Granja,Ceará,230470,-3.1212057,-40.8284124,Não,,,,,,,,,,,,,,,,,,,,,,
Guaiúba,Ceará,230495,-4.0412656,-38.6369079,Não,,,,,,,,,,,,,,,,,,,,,,
Horizonte,Ceará,230523,-4.0964618,-38.4965574,Não,,,,,,,,,,,,,,,,,,,,,,
Icó,Ceará,230540,-6.4003992,-38.8575946,Não,,,,,,,,,,,,,,,,,,,,,,
Iguatu,Ceará,230550,-6.361934,-39.2972233,Não,,,,,,,,,,,,,,,,,,,,,,
Itaitinga,Ceará,230625,-3.965768,-38.529763,Não,,,,,,,,,,,,,,,,,,,,,,
Itapajé,Ceará,230630,-3.6841324,-39.5851265,Não,,,,,,,,,,,,,,,,,,,,,,
Itapipoca,Ceará,230640,-3.4960586,-39.5819197,Não,,,,,,,,,,,,,,,,,,,,,,
Juazeiro do Norte,Ceará,230730,-7.2153453,-39.3153336,Não,,,,,,,,,,,,,,,,,,,,,,
Limoeiro do Norte,Ceará,230760,-5.1455607,-38.0984936,Não,,,,,,,,,,,,,,,,,,,,,,
Maracanaú,Ceará,230765,-3.8779438,-38.6247697,Não,,,,,,,,,,,,,,,,,,,,,,
Maranguape,Ceará,230770,-3.8922967,-38.6835427,Não,,,,,,,,,,,,,,,,,,,,,,
Morada Nova,Ceará,230870,-5.1076699,-38.3727852,Não,,,,,,,,,,,,,,,,,,,,,,
Pacajus,Ceará,230960,-4.171073,-38.464988,Não,,,,,,,,,,,,,,,,,,,,,,
Pacatuba,Ceará,230970,-3.9841,-38.6180383,Não,,,,,,,,,,,,,,,,,,,,,,
Pindoretama,Ceará,231085,-4.0265183,-38.3066829,Não,,,,,,,,,,,,,,,,,,,,,,
Quixadá,Ceará,231130,-4.9706021,-39.0158403,Não,,,,,,,,,,,,,,,,,,,,,,
Quixeramobim,Ceará,231140,-5.1983553,-39.2955573,Não,,,,,,,,,,,,,,,,,,,,,,
Russas,Ceará,231180,-4.9354279,-37.9783838,Não,,,,,,,,,,,,,,,,,,,,,,
São Gonçalo do Amarante,Ceará,231240,-3.6099755,-38.9687182,Não,,,,,,,,,,,,,,,,,,,,,,
Sobral,Ceará,231290,-3.6879135,-40.3456372,Não,,,,,,,,,,,,,,,,,,,,,,
Tauá,Ceará,231330,-6.0031372,-40.2947268,Não,,,,,,,,,,,,,,,,,,,,,,
Tianguá,Ceará,231340,-3.7307332,-41.0004019,Não,,,,,,,,,,,,,,,,,,,,,,
Trairi,Ceará,231350,-3.2777494,-39.2680677,Não,,,,,,,,,,,,,,,,,,,,,,
Viçosa do Ceará,Ceará,231410,-3.5667684,-41.091504,Não,,,,,,,,,,,,,,,,,,,,,,
Brasília,Distrito Federal,530010,-15.7939869,-47.8828,Não,,,,,,,,,,,,,,,,,,,,,,
Aracruz,Espírito Santo,320060,-19.8245218,-40.2735025,Não,,,,,,,,,,,,,,,,,,,,,,
Cachoeiro de Itapemirim,Espírito Santo,320120,-20.848084,-41.11129,Não,,,,,,,,,,,,,,,,,,,,,,
Cariacica,Espírito Santo,320130,-20.263202,-40.416549,Não,,,,,,,,,,,,,,,,,,,,,,
Colatina,Espírito Santo,320150,-19.5346732,-40.6287836,Não,,,,,,,,,,,,,,,,,,,,,,
Fundão,Espírito Santo,320220,-19.9532531,-40.3779176,Não,,,,,,,,,,,,,,,,,,,,,,
Guarapari,Espírito Santo,320240,-20.6718755,-40.4984617,Não,,,,,,,,,,,,,,,,,,,,,,
Linhares,Espírito Santo,320320,-19.341076,-39.9483354,Não,,,,,,,,,,,,,,,,,,,,,,
São Mateus,Espírito Santo,320490,-18.7146049,-39.8539499,Não,,,,,,,,,,,,,,,,,,,,,,
Serra,Espírito Santo,320500,-20.1252961,-40.3064477,Não,,,,,,,,,,,,,,,,,,,,,,
Viana,Espírito Santo,320510,-20.3914471,-40.4966587,Não,,,,,,,,,,,,,,,,,,,,,,
Vila Velha,Espírito Santo,320520,-20.3297037,-40.2920174,Não,,,,,,,,,,,,,,,,,,,,,,
Vitória,Espírito Santo,320530,-20.3200917,-40.3376682,Não,,,,,,,,,,,,,,,,,,,,,,
Abadia de Goiás,Goiás,520005,-16.7584,-49.4383,Não,,,,,,,,,,,,,,,,,,,,,,
Águas Lindas de Goiás,Goiás,520025,-15.7392283,-48.2793357,Não,,,,,,,,,,,,,,,,,,,,,,
Anápolis,Goiás,520110,-16.3332828,-48.9525756,Não,,,,,,,,,,,,,,,,,,,,,,
Aparecida de Goiânia,Goiás,520140,-16.8226769,-49.2452546,Não,,,,,,,,,,,,,,,,,,,,,,
Aragoiânia,Goiás,520180,-16.9146388,-49.4499148,Não,,,,,,,,,,,,,,,,,,,,,,
Bela Vista de Goiás,Goiás,520330,-16.9692949,-48.9513071,Não,,,,,,,,,,,,,,,,,,,,,,
Bonfinópolis,Goiás,520355,-16.6172709,-48.9615701,Não,,,,,,,,,,,,,,,,,,,,,,
Brazabrantes,Goiás,520360,-16.4291635,-49.3858216,Não,,,,,,,,,,,,,,,,,,,,,,
Caldas Novas,Goiás,520450,-17.745,-48.625,Não,,,,,,,,,,,,,,,,,,,,,,
Caldazinha,Goiás,520455,-16.7116649,-49.0012601,Não,,,,,,,,,,,,,,,,,,,,,,
Catalão,Goiás,520510,-18.1702546,-47.9447082,Não,,,,,,,,,,,,,,,,,,,,,,
Caturaí,Goiás,520520,-16.4473559,-49.4919149,Não,,,,,,,,,,,,,,,,,,,,,,
Cidade Ocidental,Goiás,520549,-16.1000758,-47.9445014,Não,,,,,,,,,,,,,,,,,,,,,,
Cristalina,Goiás,520620,-16.7680599,-47.6133427,Não,,,,,,,,,,,,,,,,,,,,,,
Formosa,Goiás,520800,-15.5492443,-47.3301212,Não,,,,,,,,,,,,,,,,,,,,,,
Goianápolis,Goiás,520840,-16.5071038,-49.0213217,Não,,,,,,,,,,,,,,,,,,,,,,
Goianésia,Goiás,520860,-15.3118269,-49.1162001,Não,,,,,,,,,,,,,,,,,,,,,,
Goiânia,Goiás,520870,-16.680882,-49.2532691,Não,,,,,,,,,,,,,,,,,,,,,,
Goianira,Goiás,520880,-16.5001973,-49.4254788,Não,,,,,,,,,,,,,,,,,,,,,,
Guapó,Goiás,520920,-16.8308602,-49.5343721,Não,,,,,,,,,,,,,,,,,,,,,,
Hidrolândia,Goiás,520970,-16.9671342,-49.22826,Não,,,,,,,,,,,,,,,,,,,,,,
Inhumas,Goiás,521000,-16.3610569,-49.500111,Não,,,,,,,,,,,,,,,,,,,,,,
Itumbiara,Goiás,521150,-18.4135862,-49.2172596,Não,,,,,,,,,,,,,,,,,,,,,,
Jataí,Goiás,521190,-17.8856178,-51.7202967,Não,,,,,,,,,,,,,,,,,,,,,,
Luziânia,Goiás,521250,-16.2535456,-47.9500276,Não,,,,,,,,,,,,,,,,,,,,,,
Mineiros,Goiás,521310,-17.5653879,-52.5536721,Não,,,,,,,,,,,,,,,,,,,,,,
Nerópolis,Goiás,521450,-16.4069816,-49.219438,Não,,,,,,,,,,,,,,,,,,,,,,
Nova Veneza,Goiás,521500,-16.3709074,-49.3212061,Não,,,,,,,,,,,,,,,,,,,,,,
Novo Gama,Goiás,521523,-16.0496528,-48.0304615,Não,,,,,,,,,,,,,,,,,,,,,,
Planaltina,Goiás,521760,-15.4571536,-47.6089024,Não,,,,,,,,,,,,,,,,,,,,,,
Rio Verde,Goiás,521880,-17.7921255,-50.9191219,Não,,,,,,,,,,,,,,,,,,,,,,
Santo Antônio de Goiás,Goiás,521973,-16.4861723,-49.3093885,Não,,,,,,,,,,,,,,,,,,,,,,
Santo Antônio do Descoberto,Goiás,521975,-15.9465415,-48.2616527,Não,,,,,,,,,,,,,,,,,,,,,,
Senador Canedo,Goiás,522045,-16.7013233,-49.0914921,Não,,,,,,,,,,,,,,,,,,,,,,
Terezópolis de Goiás,Goiás,522119,-16.4837865,-49.0949299,Não,,,,,,,,,,,,,,,,,,,,,,
Trindade,Goiás,522140,-16.6549924,-49.4876203,Não,,,,,,,,,,,,,,,,,,,,,,
Valparaíso de Goiás,Goiás,522185,-16.0686394,-47.9764907,Não,,,,,,,,,,,,,,,,,,,,,,
Açailândia,Maranhão,210005,-4.9515026,-47.500732,Sim,106550.0,106550.0,0.0,1581.0,104969.0,0.0,1.0,0.985,0.015,18.35,5806.439,22677735.23,0.0127,7.321,0.188,125.58,0.502,0.01,4.26,6381579.69,10.136,437
Alcântara,Maranhão,210020,-2.4084996,-44.4174143,Sim,18467.0,6316.0,12151.0,0.0,18467.0,0.658,0.342,1.0,0.0,12.67,1457.916,1294796.2,0.2098,9.747,0,45.16,0.835,0,4.11,327937.29,9.747,1319
Bacabal,Maranhão,210120,-4.2318132,-44.781167,Sim,103711.0,83502.0,20209.0,4830.0,98881.0,0.195,0.805,0.953,0.047,61.62,1683.073,12475468.35,0.0739,7.232,0.096,111,0.09,0,2.53,5312661.25,8.967,2430
Balsas,Maranhão,210140,-7.53214,-46.037163,Sim,101767.0,87936.0,13831.0,4000.0,97767.0,0.136,0.864,0.961,0.039,7.74,13141.757,16271641.06,0.05,5.306,0.098,162.48,0.529,0.023,2.53,5334625.93,11.006,1541
Barra do Corda,Maranhão,210160,-5.496823,-45.248496,Sim,84532.0,33626.0,50906.0,0.0,84532.0,0.602,0.398,1.0,0.0,16.29,5190.339,5701629.79,0.1257,2.957,0,47.94,0.752,0,3.75,1866272.73,3.194,3404
Barreirinhas,Maranhão,210170,-2.7541271,-42.8259693,Não,,,,,,,,,,,,,,,,,,,,,,
Buriticupu,Maranhão,210232,-4.3227472,-46.4516989,Sim,55499.0,45192.0,10307.0,0.0,55499.0,0.186,0.814,1.0,0.0,21.8,2545.441,3938329.28,0.1145,100.182,0,178.1,0.486,0,0.74,3408989.37,101.623,1871
Caxias,Maranhão,210300,-4.8654201,-43.353664,Não,,,,,,,,,,,,,,,,,,,,,,
Chapadinha,Maranhão,210320,-3.7416803,-43.3548006,Não,,,,,,,,,,,,,,,,,,,,,,
Codó,Maranhão,210330,-4.455623,-43.892354,Sim,114275.0,109164.0,5111.0,11379.0,102896.0,0.045,0.955,0.9,0.1,26.2,4361.344,15217025.55,0.1609,4.375,0.088,153.86,0.575,0,2.16,4143886.49,5.863,5614
Coroatá,Maranhão,210360,-4.1282283,-44.1360269,Sim,59566.0,47416.0,12150.0,3778.0,55788.0,0.204,0.796,0.937,0.063,26.31,2263.772,8881502.76,0.2244,2.854,0,112.56,0.767,0.052,3.22,2634880.2,3.022,4238
Grajaú,Maranhão,210480,-5.8154034,-46.1361454,Sim,73872.0,62980.0,10892.0,0.0,73872.0,0.147,0.853,1.0,0.0,8.33,8863.57,10471027.73,0.1774,48.868,0.271,137.54,0.613,0,2.73,4141943.84,62.811,3865
Imperatriz,Maranhão,210530,-5.5269279,-47.478115,Sim,273110.0,228975.0,44135.0,78327.0,194783.0,0.162,0.838,0.713,0.287,199.5,1368.988,73525359.99,0.0082,7.177,0.146,128.33,0.705,0.38,3.9,8334399.83,8.641,742
Itapecuru Mirim,Maranhão,210540,-3.3973569,-44.3560724,Sim,60440.0,42062.0,18378.0,6380.0,54060.0,0.304,0.696,0.894,0.106,41.08,1471.438,8664391.76,0.1677,5.625,0,80.53,0.582,0.091,4.19,1369660,6.122,3166
Paço do Lumiar,Maranhão,210750,-2.5329055,-44.1591965,Sim,145643.0,112796.0,32847.0,52084.0,93559.0,0.226,0.774,0.642,0.358,1162.73,125.259,36362422.39,0.0325,1.03,0.069,143.74,0.513,0.527,3.53,4286173.6,1.648,1557
Pinheiro,Maranhão,210860,-2.5270459,-45.0866463,Sim,84621.0,20609.0,64012.0,0.0,84621.0,0.756,0.244,1.0,0.0,55.93,1512.966,4732026.86,0.1832,9.69,0.236,33.6,0.712,0,4.33,777255.01,10.045,4791
Raposa,Maranhão,210945,-2.4410095,-44.1104256,Sim,30839.0,,,,,,,,,464.44,66.4,,0.0554,6.161,0,,,,,,6.485,527
Santa Inês,Maranhão,210990,-3.6647821,-45.3826869,Sim,85014.0,42298.0,42716.0,0.0,85014.0,0.502,0.498,1.0,0.0,108.07,786.689,7403474.86,0.0258,25.525,0.588,62.52,0.648,0,3.65,2331023.36,25.878,694
Santa Luzia,Maranhão,211000,-3.9633675,-45.6637956,Sim,57635.0,24084.0,33551.0,0.0,57635.0,0.582,0.418,1.0,0.0,11.92,4837.038,3742102.84,0.1336,25.332,0.694,46.81,0.629,0,3.6,1288625.61,27.067,2277
São José de Ribamar,Maranhão,211120,-2.5609115,-44.0559509,Sim,244579.0,50571.0,194008.0,19572.0,225007.0,0.793,0.207,0.92,0.08,633.99,385.777,76151897.01,0.0258,1.799,0.123,93.78,0.62,0.482,5.07,6976718.31,2.371,2088
São Luís,Maranhão,211130,-2.5295265,-44.2963942,Sim,1037775.0,962616.0,75159.0,563330.0,474445.0,0.072,0.928,0.457,0.543,1243.1,834.827,350055595.95,0.0222,1.927,0.077,118.9,0.559,0.206,4.4,44588711.4,3.614,7727
Timon,Maranhão,211220,-5.1004341,-42.8312018,Não,,,,,,,,,,,,,,,,,,,,,,
Tutóia,Maranhão,211250,-2.761413,-42.275531,Não,,,,,,,,,,,,,,,,,,,,,,
Vargem Grande,Maranhão,211270,-3.5443611,-43.9149128,Sim,43261.0,7111.0,36150.0,0.0,43261.0,0.836,0.164,1.0,0.0,22.1,1957.751,906661.77,0.2934,20.342,0.231,15.8,0.916,0,3.53,503308.58,20.342,3780
Viana,Maranhão,211280,-3.2099341,-45.0002456,Sim,51442.0,,,,,,,,,44.03,1168.443,,0.292,25.077,0.194,,,,,,25.077,4609
Zé Doca,Maranhão,211400,-3.270145,-45.655344,Sim,40801.0,5245.0,35556.0,0.0,40801.0,0.871,0.129,1.0,0.0,19.06,2140.109,1362404.13,0.1308,13.725,0,26.41,0.66,0,3.38,848600.92,15.196,1652
Alta Floresta,Mato Grosso,510025,-9.8698547,-56.0834993,Sim,58613.0,45968.0,12645.0,23609.0,35004.0,0.216,0.784,0.597,0.403,6.55,8953.191,21662514,0.001,3.242,0,119.78,0.194,0.577,4.47,1826643,5.118,20
Barão de Melgaço,Mato Grosso,510160,-16.1956788,-55.9668317,Sim,7253.0,3267.0,3986.0,0.0,7253.0,0.55,0.45,1.0,0.0,0.65,11174.474,,0.0291,0,0,35.89,0.05,0,,35000,0,71
Barra do Garças,Mato Grosso,510180,-15.8916033,-52.2615413,Sim,69210.0,68975.0,235.0,50248.0,18962.0,0.003,0.997,0.274,0.726,7.62,9079.291,33244971.08,0.0218,3.612,0,160.8,0.487,0.459,4.63,4920616.77,6.791,552
Cáceres,Mato Grosso,510250,-16.0644068,-57.6878972,Sim,89681.0,84071.0,5610.0,7290.0,82391.0,0.063,0.937,0.919,0.081,3.65,24593.031,19151547.15,0.0041,2.899,0.112,103.35,0.515,0.056,4.26,3217965.47,3.011,128
Chapada dos Guimarães,Mato Grosso,510300,-15.464343,-55.749857,Sim,18990.0,18931.0,59.0,0.0,18990.0,0.003,0.997,1.0,0.0,2.87,6611.785,6093095.12,0.011,1.053,0,375.11,0.499,0,2.41,736447.06,1.053,76
Cuiabá,Mato Grosso,510340,-15.5986686,-56.0991301,Sim,650877.0,650877.0,0.0,490314.0,160563.0,0.0,1.0,0.247,0.753,197.62,3293.537,370906731.64,0.0035,1.122,0,160.74,0.59,0.496,5.34,38734328.54,1.352,817
Jangada,Mato Grosso,510490,-15.2369949,-56.4902844,Sim,7426.0,2770.0,4656.0,0.0,7426.0,0.627,0.373,1.0,0.0,7.31,1015.308,1205248.84,0.0275,1.347,0,67.89,0.454,0,4.73,196843.03,1.347,70
Lucas do Rio Verde,Mato Grosso,510525,-13.0664609,-55.9196711,Sim,83798.0,69671.0,14127.0,35760.0,48038.0,0.169,0.831,0.573,0.427,22.8,3675.221,28495359.26,0.0006,3.341,0,153.62,0.396,0.456,3.72,4493142.15,10.263,16
Nossa Senhora do Livramento,Mato Grosso,510610,-15.7724354,-56.3435003,Sim,12940.0,5281.0,7659.0,0.0,12940.0,0.592,0.408,1.0,0.0,2.62,4934.713,649626.63,0.0135,1.546,0,80.88,0.071,0,1.7,290544.12,1.546,62
Nova Brasilândia,Mato Grosso,510620,-14.9298622,-54.973665,Sim,3932.0,2945.0,987.0,0.0,3932.0,0.251,0.749,1.0,0.0,1.2,3278.861,979954.23,0.0013,0,0,160.26,0.115,0,4.26,145202.99,0,2
Planalto da Serra,Mato Grosso,510645,-14.6627994,-54.7756232,Sim,3166.0,,,,,,,,,1.3,2442.452,,0.0018,3.159,0,,,,,,6.317,2
Poconé,Mato Grosso,510650,-16.2578606,-56.633926,Sim,31217.0,21973.0,9244.0,0.0,31217.0,0.296,0.704,1.0,0.0,1.82,17164.002,5018729.29,0.0052,15.056,0,94.33,0.532,0,3.48,1260093.09,23.705,54
Primavera do Leste,Mato Grosso,510704,-15.5614127,-54.2993946,Sim,85146.0,80448.0,4698.0,68362.0,16784.0,0.055,0.945,0.197,0.803,15.53,5482.065,35053034.58,0.0013,2.466,0,122.74,0.228,0.618,4.74,2998693.9,3.523,39
Rondonópolis,Mato Grosso,510760,-16.4603533,-54.6397099,Sim,244911.0,244911.0,0.0,244911.0,0.0,0.0,1.0,0.0,1.0,52.26,4686.622,129449742.31,0.0024,1.307,0,133.73,0.623,0.76,3.97,21627015.89,1.96,206
Rosário Oeste,Mato Grosso,510770,-14.825938,-56.42357,Sim,15453.0,,,,,,,,,2.08,7419.629,,0.0089,16.825,0.647,,,,,,27.826,49
Santo Antônio do Leverger,Mato Grosso,510780,-15.859843,-56.0789707,Sim,15246.0,13739.0,1507.0,0.0,15246.0,0.099,0.901,1.0,0.0,1.3,11735.752,2250000,0.0146,0.656,0,99.17,0.404,0,3.81,250091.52,0.656,75
Sinop,Mato Grosso,510790,-11.857701,-55.4967824,Sim,196312.0,165539.0,30773.0,98720.0,97592.0,0.157,0.843,0.497,0.503,49.8,3942.229,88642523.59,0.0014,0.408,0,137.44,0.398,0.369,6.18,6322139.35,1.273,93
Sorriso,Mato Grosso,510792,-12.5444887,-55.7233972,Sim,110635.0,97069.0,13566.0,60710.0,49925.0,0.123,0.877,0.451,0.549,11.84,9347.556,41188476.11,0.0011,0.362,0,169.04,0.248,0.441,4.52,2529205.62,3.254,41
Tangará da Serra,Mato Grosso,510795,-14.6213903,-57.4907268,Sim,106434.0,91712.0,14722.0,25472.0,80962.0,0.138,0.862,0.761,0.239,9.17,11601.252,21291340.78,0.0068,7.704,0.094,133.85,0.437,0.303,2.63,4102508.21,14.281,259
Várzea Grande,Mato Grosso,510840,-15.645816,-56.132218,Sim,300078.0,264904.0,35174.0,87234.0,212844.0,0.117,0.883,0.709,0.291,286.28,1048.21,59596719.91,0.0036,2.466,0,223.56,0.417,0.262,1.87,9676553.18,3.366,375
Campo Grande,Mato Grosso do Sul,500270,-20.4640173,-54.6162947,Não,,,,,,,,,,,,,,,,,,,,,,
Corumbá,Mato Grosso do Sul,500320,-19.0016365,-57.6534316,Não,,,,,,,,,,,,,,,,,,,,,,
Dourados,Mato Grosso do Sul,500370,-22.2206145,-54.812208,Não,,,,,,,,,,,,,,,,,,,,,,
Naviraí,Mato Grosso do Sul,500570,-23.0622152,-54.2018319,Não,,,,,,,,,,,,,,,,,,,,,,
Nova Andradina,Mato Grosso do Sul,500620,-22.2477565,-53.3480621,Não,,,,,,,,,,,,,,,,,,,,,,
Ponta Porã,Mato Grosso do Sul,500660,-22.5286917,-55.723426,Não,,,,,,,,,,,,,,,,,,,,,,
Sidrolândia,Mato Grosso do Sul,500790,-20.9361042,-54.9640262,Não,,,,,,,,,,,,,,,,,,,,,,
Três Lagoas,Mato Grosso do Sul,500830,-20.7866799,-51.7061247,Não,,,,,,,,,,,,,,,,,,,,,,
Alfenas,Minas Gerais,310160,-21.4297405,-45.9479419,Não,,,,,,,,,,,,,,,,,,,,,,
Araguari,Minas Gerais,310350,-18.6511256,-48.1933764,Não,,,,,,,,,,,,,,,,,,,,,,
Araxá,Minas Gerais,310400,-19.6009149,-46.940923,Não,,,,,,,,,,,,,,,,,,,,,,
Baldim,Minas Gerais,310500,-19.2913568,-43.9558262,Não,,,,,,,,,,,,,,,,,,,,,,
Barão de Cocais,Minas Gerais,310540,-19.9452437,-43.4870298,Não,,,,,,,,,,,,,,,,,,,,,,
Barbacena,Minas Gerais,310560,-21.2254524,-43.7735087,Não,,,,,,,,,,,,,,,,,,,,,,
Belo Horizonte,Minas Gerais,310620,-19.9227318,-43.9450948,Não,,,,,,,,,,,,,,,,,,,,,,
Belo Vale,Minas Gerais,310640,-20.407778,-44.024167,Não,,,,,,,,,,,,,,,,,,,,,,
Betim,Minas Gerais,310670,-19.968056,-44.198333,Não,,,,,,,,,,,,,,,,,,,,,,
Bom Despacho,Minas Gerais,310740,-19.7375242,-45.2517288,Não,,,,,,,,,,,,,,,,,,,,,,
Bonfim,Minas Gerais,310810,-20.3266626,-44.2386157,Não,,,,,,,,,,,,,,,,,,,,,,
Brumadinho,Minas Gerais,310900,-20.143611,-44.2,Não,,,,,,,,,,,,,,,,,,,,,,
Caeté,Minas Gerais,311000,-19.897777,-43.670278,Não,,,,,,,,,,,,,,,,,,,,,,
Campo Belo,Minas Gerais,311120,-20.8975,-45.277223,Não,,,,,,,,,,,,,,,,,,,,,,
Capim Branco,Minas Gerais,311250,-19.548333,-44.133056,Não,,,,,,,,,,,,,,,,,,,,,,
Caratinga,Minas Gerais,311340,-19.7900887,-42.140533,Não,,,,,,,,,,,,,,,,,,,,,,
Cataguases,Minas Gerais,311530,-21.387426,-42.6957219,Não,,,,,,,,,,,,,,,,,,,,,,
Confins,Minas Gerais,311787,-19.6278749,-43.9912311,Não,,,,,,,,,,,,,,,,,,,,,,
Congonhas,Minas Gerais,311800,-20.5015168,-43.8564586,Não,,,,,,,,,,,,,,,,,,,,,,
Conselheiro Lafaiete,Minas Gerais,311830,-20.6596107,-43.785743,Não,,,,,,,,,,,,,,,,,,,,,,
Contagem,Minas Gerais,311860,-19.9132749,-44.0840953,Não,,,,,,,,,,,,,,,,,,,,,,
Coronel Fabriciano,Minas Gerais,311940,-19.5200067,-42.6282686,Não,,,,,,,,,,,,,,,,,,,,,,
Curvelo,Minas Gerais,312090,-18.7571926,-44.4305993,Não,,,,,,,,,,,,,,,,,,,,,,
Divinópolis,Minas Gerais,312230,-20.1597921,-44.8739341,Não,,,,,,,,,,,,,,,,,,,,,,
Esmeraldas,Minas Gerais,312410,-19.7613111,-44.3145945,Não,,,,,,,,,,,,,,,,,,,,,,
Florestal,Minas Gerais,312600,-19.8878705,-44.4314766,Não,,,,,,,,,,,,,,,,,,,,,,
Formiga,Minas Gerais,312610,-20.4648425,-45.4266753,Não,,,,,,,,,,,,,,,,,,,,,,
Fortuna de Minas,Minas Gerais,312640,-19.561662,-44.4451854,Não,,,,,,,,,,,,,,,,,,,,,,
Frutal,Minas Gerais,312710,-20.0220064,-48.9280076,Não,,,,,,,,,,,,,,,,,,,,,,
Funilândia,Minas Gerais,312720,-19.3711961,-44.0599481,Não,,,,,,,,,,,,,,,,,,,,,,
Governador Valadares,Minas Gerais,312770,-18.8698882,-41.9459383,Não,,,,,,,,,,,,,,,,,,,,,,
Guaxupé,Minas Gerais,312870,-21.3087615,-46.7190609,Não,,,,,,,,,,,,,,,,,,,,,,
Ibirité,Minas Gerais,312980,-20.0214251,-44.0621506,Não,,,,,,,,,,,,,,,,,,,,,,
Igarapé,Minas Gerais,313010,-20.068789,-44.3017439,Não,,,,,,,,,,,,,,,,,,,,,,
Inhaúma,Minas Gerais,313100,-19.490277,-44.389166,Não,,,,,,,,,,,,,,,,,,,,,,
Ipatinga,Minas Gerais,313130,-19.4777807,-42.5270802,Não,,,,,,,,,,,,,,,,,,,,,,
Itabira,Minas Gerais,313170,-19.6190169,-43.226248,Não,,,,,,,,,,,,,,,,,,,,,,
Itabirito,Minas Gerais,313190,-20.2519724,-43.8029171,Não,,,,,,,,,,,,,,,,,,,,,,
Itaguara,Minas Gerais,313220,-20.391389,-44.488055,Não,,,,,,,,,,,,,,,,,,,,,,
Itajubá,Minas Gerais,313240,-22.4238234,-45.4524156,Não,,,,,,,,,,,,,,,,,,,,,,
Itatiaiuçu,Minas Gerais,313370,-20.1975724,-44.4224889,Não,,,,,,,,,,,,,,,,,,,,,,
Itaúna,Minas Gerais,313380,-20.075556,-44.576389,Não,,,,,,,,,,,,,,,,,,,,,,
Ituiutaba,Minas Gerais,313420,-18.9691887,-49.4639335,Não,,,,,,,,,,,,,,,,,,,,,,
Jaboticatubas,Minas Gerais,313460,-19.521667,-43.745277,Não,,,,,,,,,,,,,,,,,,,,,,
Janaúba,Minas Gerais,313510,-15.8103735,-43.3052119,Não,,,,,,,,,,,,,,,,,,,,,,
Januária,Minas Gerais,313520,-15.4875,-44.361111,Não,,,,,,,,,,,,,,,,,,,,,,
João Monlevade,Minas Gerais,313620,-19.809444,-43.173334,Não,,,,,,,,,,,,,,,,,,,,,,
Juatuba,Minas Gerais,313665,-19.954001,-44.3407921,Não,,,,,,,,,,,,,,,,,,,,,,
Juiz de Fora,Minas Gerais,313670,-21.7609533,-43.3501129,Não,,,,,,,,,,,,,,,,,,,,,,
Lagoa da Prata,Minas Gerais,313720,-20.022778,-45.5440462,Não,,,,,,,,,,,,,,,,,,,,,,
Lagoa Santa,Minas Gerais,313760,-19.6357376,-43.8966132,Não,,,,,,,,,,,,,,,,,,,,,,
Lavras,Minas Gerais,313820,-21.2425512,-44.9991978,Não,,,,,,,,,,,,,,,,,,,,,,
Leopoldina,Minas Gerais,313840,-21.5314282,-42.6403534,Não,,,,,,,,,,,,,,,,,,,,,,
Manhuaçu,Minas Gerais,313940,-20.2574434,-42.0340769,Não,,,,,,,,,,,,,,,,,,,,,,
Mariana,Minas Gerais,314000,-20.3781468,-43.4174862,Não,,,,,,,,,,,,,,,,,,,,,,
Mário Campos,Minas Gerais,314015,-20.0511,-44.1858,Não,,,,,,,,,,,,,,,,,,,,,,
Mateus Leme,Minas Gerais,314070,-19.986666,-44.428056,Não,,,,,,,,,,,,,,,,,,,,,,
Matozinhos,Minas Gerais,314110,-19.5576547,-44.0816035,Não,,,,,,,,,,,,,,,,,,,,,,
Moeda,Minas Gerais,314230,-20.333056,-44.0525,Não,,,,,,,,,,,,,,,,,,,,,,
Montes Claros,Minas Gerais,314330,-16.7495727,-43.8687268,Não,,,,,,,,,,,,,,,,,,,,,,
Muriaé,Minas Gerais,314390,-21.1313485,-42.3628918,Não,,,,,,,,,,,,,,,,,,,,,,
Nova Lima,Minas Gerais,314480,-19.9854089,-43.8470691,Não,,,,,,,,,,,,,,,,,,,,,,
Nova Serrana,Minas Gerais,314520,-19.875834,-44.984166,Não,,,,,,,,,,,,,,,,,,,,,,
Nova União,Minas Gerais,313660,-19.6901893,-43.580107,Não,,,,,,,,,,,,,,,,,,,,,,
Ouro Preto,Minas Gerais,314610,-20.385527,-43.5035214,Não,,,,,,,,,,,,,,,,,,,,,,
Pará de Minas,Minas Gerais,314710,-19.8668656,-44.5912664,Não,,,,,,,,,,,,,,,,,,,,,,
Paracatu,Minas Gerais,314700,-17.2174056,-46.8707514,Não,,,,,,,,,,,,,,,,,,,,,,
Passos,Minas Gerais,314790,-20.7167803,-46.6156864,Não,,,,,,,,,,,,,,,,,,,,,,
Patos de Minas,Minas Gerais,314800,-18.6041453,-46.5096698,Não,,,,,,,,,,,,,,,,,,,,,,
Patrocínio,Minas Gerais,314810,-18.9408294,-46.9926624,Não,,,,,,,,,,,,,,,,,,,,,,
Pedro Leopoldo,Minas Gerais,314930,-19.617778,-44.043055,Não,,,,,,,,,,,,,,,,,,,,,,
Pirapora,Minas Gerais,315120,-17.3493765,-44.9507904,Não,,,,,,,,,,,,,,,,,,,,,,
Poços de Caldas,Minas Gerais,315180,-21.7900318,-46.5647928,Não,,,,,,,,,,,,,,,,,,,,,,
Ponte Nova,Minas Gerais,315210,-20.4164353,-42.90878,Não,,,,,,,,,,,,,,,,,,,,,,
Pouso Alegre,Minas Gerais,315250,-22.2343858,-45.9327241,Não,,,,,,,,,,,,,,,,,,,,,,
Prudente de Morais,Minas Gerais,315360,-19.4825,-44.155556,Não,,,,,,,,,,,,,,,,,,,,,,
Raposos,Minas Gerais,315390,-19.967223,-43.804167,Não,,,,,,,,,,,,,,,,,,,,,,
Ribeirão das Neves,Minas Gerais,315460,-19.7672898,-44.0875436,Não,,,,,,,,,,,,,,,,,,,,,,
Rio Acima,Minas Gerais,315480,-20.0875,-43.789166,Não,,,,,,,,,,,,,,,,,,,,,,
Rio Manso,Minas Gerais,315530,-20.265079,-44.3090284,Não,,,,,,,,,,,,,,,,,,,,,,
Sabará,Minas Gerais,315670,-19.8900372,-43.8107916,Não,,,,,,,,,,,,,,,,,,,,,,
Santa Bárbara,Minas Gerais,315720,-19.959444,-43.415278,Não,,,,,,,,,,,,,,,,,,,,,,
Santa Luzia,Minas Gerais,315780,-19.7702097,-43.8505291,Não,,,,,,,,,,,,,,,,,,,,,,
São Francisco,Minas Gerais,316110,-15.948889,-44.864444,Não,,,,,,,,,,,,,,,,,,,,,,
São João del Rei,Minas Gerais,316250,-21.1335755,-44.2588086,Não,,,,,,,,,,,,,,,,,,,,,,
São Joaquim de Bicas,Minas Gerais,316292,-20.0489052,-44.2731691,Não,,,,,,,,,,,,,,,,,,,,,,
São José da Lapa,Minas Gerais,316295,-19.6988548,-43.9583194,Não,,,,,,,,,,,,,,,,,,,,,,
São José da Varginha,Minas Gerais,316310,-19.7087286,-44.5577812,Não,,,,,,,,,,,,,,,,,,,,,,
São Sebastião do Paraíso,Minas Gerais,316470,-20.9124331,-46.9823296,Não,,,,,,,,,,,,,,,,,,,,,,
Sarzedo,Minas Gerais,316553,-20.0353,-44.1453,Não,,,,,,,,,,,,,,,,,,,,,,
Sete Lagoas,Minas Gerais,316720,-19.466111,-44.246944,Não,,,,,,,,,,,,,,,,,,,,,,
Taquaraçu de Minas,Minas Gerais,316830,-19.669445,-43.687777,Não,,,,,,,,,,,,,,,,,,,,,,
Teófilo Otoni,Minas Gerais,316860,-17.8579267,-41.5081533,Não,,,,,,,,,,,,,,,,,,,,,,
Timóteo,Minas Gerais,316870,-19.5771395,-42.6436108,Não,,,,,,,,,,,,,,,,,,,,,,
Três Corações,Minas Gerais,316930,-21.695625,-45.2543675,Não,,,,,,,,,,,,,,,,,,,,,,
Três Pontas,Minas Gerais,316940,-21.3686224,-45.5122937,Não,,,,,,,,,,,,,,,,,,,,,,
Ubá,Minas Gerais,316990,-21.12,-42.942777,Não,,,,,,,,,,,,,,,,,,,,,,
Uberaba,Minas Gerais,317010,-19.750833,-47.936666,Não,,,,,,,,,,,,,,,,,,,,,,
Uberlândia,Minas Gerais,317020,-18.9188041,-48.2767837,Não,,,,,,,,,,,,,,,,,,,,,,
Unaí,Minas Gerais,317040,-16.3628767,-46.892413,Não,,,,,,,,,,,,,,,,,,,,,,
Varginha,Minas Gerais,317070,-21.5565914,-45.4340674,Não,,,,,,,,,,,,,,,,,,,,,,
Vespasiano,Minas Gerais,317120,-19.6940958,-43.9186521,Não,,,,,,,,,,,,,,,,,,,,,,
Viçosa,Minas Gerais,317130,-20.7538586,-42.8815888,Não,,,,,,,,,,,,,,,,,,,,,,
Abaetetuba,Pará,150010,-1.7217787,-48.8788106,Sim,158188.0,28147.0,130041.0,0.0,158188.0,0.822,0.178,1.0,0.0,98.23,1610.404,6610780.7,0.1336,38.056,0.19,20.4,0.313,0,5.59,1373998.8,38.562,5749
Acará,Pará,150020,-1.961388,-48.1987043,Sim,59023.0,7860.0,51163.0,0.0,59023.0,0.867,0.133,1.0,0.0,13.59,4343.805,,0.1683,12.029,0.169,5.04,0.276,0,,91053.32,12.199,2871
Alenquer,Pará,150040,-1.946229,-54.738355,Sim,69377.0,12031.0,57346.0,0.0,69377.0,0.827,0.173,1.0,0.0,2.93,23645.452,2100472.21,0.1656,54.629,0.721,18.44,0.349,0,4.5,425746.86,57.656,2966
Altamira,Pará,150060,-3.204065,-52.209961,Sim,126279.0,62356.0,63923.0,60189.0,66090.0,0.506,0.494,0.523,0.477,0.79,159533.328,,0.0572,7.206,0.079,130.75,0.529,1,,4984871.88,9.107,2356
Ananindeua,Pará,150080,-1.374035,-48.4016623,Sim,478778.0,204623.0,274155.0,175338.0,303440.0,0.573,0.427,0.634,0.366,2513.92,190.451,52930444.83,0.0071,1.796,0.104,61.92,0.351,0.229,4.38,6998655.14,1.859,1103
Barcarena,Pará,150130,-1.5107945,-48.6190679,Sim,126650.0,46035.0,80615.0,26443.0,100207.0,0.637,0.363,0.791,0.209,96.64,1310.588,17536791.35,0.0451,7.027,0.158,38.33,0.494,0.189,6.03,2043619.79,7.264,1714
Belém,Pará,150140,-1.45056,-48.4682453,Sim,1303403.0,1244965.0,58438.0,259055.0,1044348.0,0.045,0.955,0.801,0.199,1230.25,1059.458,382263684.63,0.0098,9.099,0.046,130.23,0.351,0.024,5.03,57185383.24,9.544,4152
Benevides,Pará,150150,-1.3555577,-48.252235,Sim,63567.0,51756.0,11811.0,0.0,63567.0,0.186,0.814,1.0,0.0,338.44,187.826,,0.0169,1.416,0,103.26,0.375,0,,3624104.48,1.573,346
Bragança,Pará,150170,-1.0574255,-46.7635232,Sim,123082.0,20160.0,102922.0,0.0,123082.0,0.836,0.164,1.0,0.0,58.84,2091.93,4591449.92,0.0962,36.398,0.244,23.15,0.39,0,4.39,1478276.5,37.292,3565
Breu Branco,Pará,150178,-3.7785073,-49.5684795,Sim,45712.0,28642.0,17070.0,900.0,44812.0,0.373,0.627,0.98,0.02,11.6,3941.911,1269382.59,0.1073,7.219,0,42.9,0.156,0,4.32,296320.64,7.219,1452
Breves,Pará,150180,-1.68036,-50.479085,Sim,106968.0,25700.0,81268.0,0.0,106968.0,0.76,0.24,1.0,0.0,11.19,9563.007,,0.3204,6.824,0.187,22.52,0.415,0,,557053.19,9.349,7803
Cametá,Pará,150210,-2.242949,-49.497885,Sim,134184.0,133705.0,479.0,0.0,134184.0,0.004,0.996,1.0,0.0,43.55,3081.367,1913040.24,0.2126,26.158,0.149,250.24,0.214,0,0.16,989154.41,26.456,7083
Capanema,Pará,150220,-1.1933054,-47.1828679,Sim,70394.0,14494.0,55900.0,0.0,70394.0,0.794,0.206,1.0,0.0,114.52,614.693,3170283.54,0.0644,4.546,0.426,27.58,0.276,0,4.47,546607.81,4.546,1486
Capitão Poço,Pará,150230,-1.7447162,-47.0638495,Sim,56506.0,12335.0,44171.0,0.0,56506.0,0.782,0.218,1.0,0.0,19.49,2899.553,2876948.41,0.0999,37.695,0,32.78,0.348,0,4.23,646628.3,37.695,1819
Castanhal,Pará,150240,-1.2927031,-47.9223903,Sim,192256.0,50584.0,141672.0,1492.0,190764.0,0.737,0.263,0.992,0.008,186.86,1028.889,12463530.49,0.0157,10.767,0.156,37.21,0.371,0.077,4.18,4563595.45,11.131,1001
Dom Eliseu,Pará,150293,-4.2928111,-47.5559083,Sim,58484.0,52292.0,6192.0,330.0,58154.0,0.106,0.894,0.994,0.006,11.1,5268.815,7359179.83,0.0525,8.036,0.513,167.82,0.418,0,1.99,4501763.77,8.891,805
Igarapé-Miri,Pará,150330,-1.9785213,-48.9634826,Sim,64831.0,11477.0,53354.0,0.0,64831.0,0.823,0.177,1.0,0.0,32.47,1996.79,2295085.35,0.2593,181.24,0.617,18.9,0.388,0,4.87,575084.99,181.703,4388
Ipixuna do Pará,Pará,150345,-2.5592139,-47.4965462,Sim,30329.0,29100.0,1229.0,0.0,30329.0,0.041,0.959,1.0,0.0,5.82,5215.555,,0.1827,105.51,0,722.67,0.569,0,,950177.56,105.51,1600
Itaituba,Pará,150360,-4.2625218,-55.9878139,Sim,123314.0,9943.0,113371.0,0.0,123314.0,0.919,0.081,1.0,0.0,1.99,62042.472,2502188,0.0481,5.677,0,10.27,0.42,0,4.79,667164.56,6.406,1751
Itupiranga,Pará,150370,-5.1337224,-49.3321988,Sim,49754.0,7138.0,42616.0,818.0,48936.0,0.857,0.143,0.984,0.016,6.31,7880.109,1745171.08,0.086,8.844,0.402,18.13,0.399,0.064,5.42,358279.22,9.848,1185
Jacundá,Pará,150380,-4.446173,-49.115272,Sim,37707.0,24000.0,13707.0,0.0,37707.0,0.364,0.636,1.0,0.0,18.78,2008.315,2704049.42,0.0465,48.267,0,47.68,0.694,0,4.12,578358.42,55.162,586
Juruti,Pará,150390,-2.1571381,-56.0900977,Sim,50881.0,25741.0,25140.0,0.0,50881.0,0.494,0.506,1.0,0.0,6.13,8305.128,,0.1514,2.162,0,107.76,0.35,0,,86452,2.162,1869
Marabá,Pará,150420,-5.3462821,-49.1007401,Sim,266533.0,107270.0,159263.0,2090.0,264443.0,0.598,0.402,0.992,0.008,17.62,15128.058,26016882.44,0.0358,1.013,0.15,52.12,0.467,0.048,4.55,7328796,1.538,3083
Marituba,Pará,150442,-1.3595306,-48.3361504,Sim,111785.0,54760.0,57025.0,15464.0,96321.0,0.51,0.49,0.862,0.138,1081.69,103.343,14409522.11,0.0068,3.847,0.268,65.89,0.296,0.102,4.16,2305393.49,4.562,243
Moju,Pará,150470,-1.889926,-48.766765,Sim,84094.0,12694.0,71400.0,0.0,84094.0,0.849,0.151,1.0,0.0,9.25,9094.139,2781960.81,0.2402,9.87,0.238,16.91,0.327,0,4.8,527968.37,10.227,6008
Monte Alegre,Pará,150480,-1.9989108,-54.0727694,Sim,60012.0,10919.0,49093.0,0.0,60012.0,0.818,0.182,1.0,0.0,3.31,18152.559,2515162.57,0.1943,9.831,0.333,22.61,0.418,0,4.57,717461.31,11.164,3558
Novo Repartimento,Pará,150506,-4.2519172,-49.9524257,Sim,60732.0,4653.0,56079.0,2476.0,58256.0,0.923,0.077,0.959,0.041,3.94,15398.716,1602063.95,0.134,5.928,0,8.65,0.535,0.522,4.72,284583.26,6.422,2483
Óbidos,Pará,150510,-1.901072,-55.520812,Sim,52229.0,18415.0,33814.0,0.0,52229.0,0.647,0.353,1.0,0.0,1.86,28021.443,4002201.53,0.2713,28.72,0,43.73,0.34,0,4.54,1287341.31,28.911,3944
Oriximiná,Pará,150530,-1.7669992,-55.868285,Sim,68294.0,68294.0,0.0,0.0,68294.0,0.0,1.0,1.0,0.0,0.63,107603.661,3693899.1,0.2114,10.103,0,352.19,0.28,0,4.49,3598261.39,11.128,3796
Paragominas,Pará,150550,-2.99564,-47.3548942,Sim,105550.0,101060.0,4490.0,12589.0,92961.0,0.043,0.957,0.881,0.119,5.46,19342.254,14507107.31,0.0388,3.79,0,120.87,0.483,0.049,2.28,4003964.65,3.979,1282
Parauapebas,Pará,150553,-6.0696846,-49.8903283,Sim,267836.0,136612.0,131224.0,32884.0,234952.0,0.49,0.51,0.877,0.123,38.89,6886.208,18460328.67,0.0106,3.248,0.224,97.38,0.603,0.234,2.07,16258730.43,5.152,931
Portel,Pará,150580,-1.9387118,-50.8240402,Sim,62503.0,7544.0,54959.0,0.0,62503.0,0.879,0.121,1.0,0.0,2.46,25384.96,920505.29,0.4731,11.359,0.16,7.1,0.269,0,5.39,101015.44,11.679,6286
Redenção,Pará,150613,-8.0299327,-50.0309543,Sim,85597.0,43975.0,41622.0,4391.0,81206.0,0.486,0.514,0.949,0.051,22.39,3823.809,7004442.45,0.0154,8.295,0,50.57,0.322,0.08,3.03,1444535.85,13.669,432
Rondon do Pará,Pará,150618,-4.7804416,-48.06983,Sim,53143.0,35182.0,17961.0,0.0,53143.0,0.338,0.662,1.0,0.0,6.44,8246.394,5644768.38,0.0417,103.306,0,225.39,0.113,0,1.28,2285546.15,104.059,637
Santa Bárbara do Pará,Pará,150635,-1.1921927,-48.2382715,Sim,21087.0,14350.0,6737.0,130.0,20957.0,0.319,0.681,0.994,0.006,75.81,278.154,5230,0.0413,1.423,0,78.08,0.049,0,0.01,68661.82,1.423,281
Santa Izabel do Pará,Pará,150650,-1.2968557,-48.1605533,Sim,73019.0,64240.0,8779.0,0.0,73019.0,0.12,0.88,1.0,0.0,101.75,717.662,3663660.07,0.0329,8.08,0.274,296.41,0.191,0,1.75,1889053.3,8.217,706
Santana do Araguaia,Pará,150670,-9.3348334,-50.3427734,Sim,32413.0,7669.0,24744.0,0.0,32413.0,0.763,0.237,1.0,0.0,2.8,11591.455,1667888.64,0.0237,70.034,0,24.91,0.42,0,3.94,197025.68,86.385,250
Santarém,Pará,150680,-2.438489,-54.699611,Sim,331942.0,161993.0,169949.0,12632.0,319310.0,0.512,0.488,0.962,0.038,18.55,17898.389,19112857.81,0.0603,2.44,0.211,63.73,0.402,0.091,2.22,9750486.24,2.711,5768
São Félix do Xingu,Pará,150730,-6.6386974,-51.9787582,Sim,65418.0,2614.0,62804.0,0.0,65418.0,0.96,0.04,1.0,0.0,0.78,84212.847,611812.58,0.084,13.299,0.153,5.78,0.258,0,4.43,209523.85,21.095,1750
São Miguel do Guamá,Pará,150760,-1.6116804,-47.4757551,Sim,52894.0,23845.0,29049.0,0.0,52894.0,0.549,0.451,1.0,0.0,47.64,1110.175,,0.1321,7.94,0.189,90.93,0.265,0,,687852,8.697,2166
Tailândia,Pará,150795,-2.936096,-48.9523366,Sim,72493.0,16536.0,55957.0,0.0,72493.0,0.772,0.228,1.0,0.0,16.36,4430.222,2626005.55,0.0934,3.311,0,24.02,0.236,0,4.13,617421.61,3.724,2017
Tomé-Açu,Pará,150800,-2.4166306,-48.1522907,Sim,67585.0,51253.0,16332.0,0.0,67585.0,0.242,0.758,1.0,0.0,13.14,5145.361,3588691,0.1106,12.133,0.444,132.07,0.418,0,1.1,2481108,12.281,2191
Tucuruí,Pará,150810,-3.766334,-49.6663654,Sim,91306.0,90232.0,1074.0,0.0,91306.0,0.012,0.988,1.0,0.0,43.77,2086.189,,0.0466,1.424,0,352.57,0.113,0,,5040000,1.971,1277
Ulianópolis,Pará,150812,-3.7575266,-47.5009377,Sim,37972.0,37972.0,0.0,1110.0,36862.0,0.0,1.0,0.971,0.029,7.46,5088.468,,0.0677,27.389,0.263,596.42,0.114,0,,478264.96,28.442,657
Vigia,Pará,150820,-0.8546027,-48.1432873,Sim,50832.0,11333.0,39499.0,0.0,50832.0,0.777,0.223,1.0,0.0,94.29,539.079,2323587.85,0.0312,32.066,0.197,29.25,0.355,0,4.27,919930.67,32.263,492
Viseu,Pará,150830,-1.204892,-46.1392244,Sim,58692.0,5953.0,52739.0,0.0,58692.0,0.899,0.101,1.0,0.0,11.94,4915.073,1070066.1,0.24,41.062,0.17,12.25,0.223,0,4.08,178313.22,41.914,3896
Alhandra,Paraíba,250060,-7.4304246,-34.9106103,Não,,,,,,,,,,,,,,,,,,,,,,
Bayeux,Paraíba,250180,-7.1301631,-34.936532,Não,,,,,,,,,,,,,,,,,,,,,,
Caaporã,Paraíba,250300,-7.510234,-34.9154114,Não,,,,,,,,,,,,,,,,,,,,,,
Cabedelo,Paraíba,250320,-6.97324,-34.8351609,Não,,,,,,,,,,,,,,,,,,,,,,
Cajazeiras,Paraíba,250370,-6.8897849,-38.5570389,Não,,,,,,,,,,,,,,,,,,,,,,
Campina Grande,Paraíba,250400,-7.2246743,-35.8771292,Não,,,,,,,,,,,,,,,,,,,,,,
Conde,Paraíba,250460,-7.2600359,-34.9053524,Não,,,,,,,,,,,,,,,,,,,,,,
Cruz do Espírito Santo,Paraíba,250490,-7.139022,-35.085721,Não,,,,,,,,,,,,,,,,,,,,,,
Guarabira,Paraíba,250630,-6.8513982,-35.4915582,Não,,,,,,,,,,,,,,,,,,,,,,
João Pessoa,Paraíba,250750,-7.1215981,-34.882028,Não,,,,,,,,,,,,,,,,,,,,,,
Lucena,Paraíba,250860,-6.8984018,-34.8711915,Não,,,,,,,,,,,,,,,,,,,,,,
Mamanguape,Paraíba,250890,-6.833698,-35.121316,Não,,,,,,,,,,,,,,,,,,,,,,
Patos,Paraíba,251080,-7.0258285,-37.2766817,Não,,,,,,,,,,,,,,,,,,,,,,
Pedras de Fogo,Paraíba,251120,-7.3988977,-35.112176,Não,,,,,,,,,,,,,,,,,,,,,,
Pitimbu,Paraíba,251190,-7.4728063,-34.811233,Não,,,,,,,,,,,,,,,,,,,,,,
Rio Tinto,Paraíba,251290,-6.803828,-35.077569,Não,,,,,,,,,,,,,,,,,,,,,,
Santa Rita,Paraíba,251370,-7.128465,-34.9846186,Não,,,,,,,,,,,,,,,,,,,,,,
Sapé,Paraíba,251530,-7.093591,-35.227975,Não,,,,,,,,,,,,,,,,,,,,,,
Sousa,Paraíba,251620,-6.7662029,-38.2319607,Não,,,,,,,,,,,,,,,,,,,,,,
Adrianópolis,Paraná,410020,-24.6557863,-48.9912769,Não,,,,,,,,,,,,,,,,,,,,,,
Agudos do Sul,Paraná,410030,-25.9890808,-49.3328175,Não,,,,,,,,,,,,,,,,,,,,,,
Almirante Tamandaré,Paraná,410040,-25.3133048,-49.2997838,Não,,,,,,,,,,,,,,,,,,,,,,
Apucarana,Paraná,410140,-23.5525327,-51.4610764,Não,,,,,,,,,,,,,,,,,,,,,,
Arapongas,Paraná,410150,-23.4152862,-51.4293961,Não,,,,,,,,,,,,,,,,,,,,,,
Araucária,Paraná,410180,-25.5861107,-49.4051209,Não,,,,,,,,,,,,,,,,,,,,,,
Balsa Nova,Paraná,410230,-25.5842234,-49.6312741,Não,,,,,,,,,,,,,,,,,,,,,,
Bocaiúva do Sul,Paraná,410310,-25.206591,-49.114131,Não,,,,,,,,,,,,,,,,,,,,,,
Cambé,Paraná,410370,-23.2782035,-51.2779583,Não,,,,,,,,,,,,,,,,,,,,,,
Campina Grande do Sul,Paraná,410400,-25.3046032,-49.0545355,Não,,,,,,,,,,,,,,,,,,,,,,
Campo Largo,Paraná,410420,-25.4597726,-49.5270851,Não,,,,,,,,,,,,,,,,,,,,,,
Campo Magro,Paraná,410425,-25.3691533,-49.4496921,Não,,,,,,,,,,,,,,,,,,,,,,
Campo Mourão,Paraná,410430,-24.046329,-52.37802,Não,,,,,,,,,,,,,,,,,,,,,,
Cascavel,Paraná,410480,-24.9554996,-53.4560544,Não,,,,,,,,,,,,,,,,,,,,,,
Castro,Paraná,410490,-24.794072,-49.9972914,Não,,,,,,,,,,,,,,,,,,,,,,
Cerro Azul,Paraná,410520,-24.8245108,-49.2615181,Não,,,,,,,,,,,,,,,,,,,,,,
Cianorte,Paraná,410550,-23.662036,-52.6103989,Não,,,,,,,,,,,,,,,,,,,,,,
Colombo,Paraná,410580,-25.2925439,-49.2243472,Não,,,,,,,,,,,,,,,,,,,,,,
Contenda,Paraná,410620,-25.678811,-49.535044,Não,,,,,,,,,,,,,,,,,,,,,,
Curitiba,Paraná,410690,-25.4295963,-49.2712724,Não,,,,,,,,,,,,,,,,,,,,,,
Doutor Ulysses,Paraná,412863,-24.5661713,-49.4203013,Não,,,,,,,,,,,,,,,,,,,,,,
Fazenda Rio Grande,Paraná,410765,-25.645841,-49.3126653,Não,,,,,,,,,,,,,,,,,,,,,,
Foz do Iguaçu,Paraná,410830,-25.5304023,-54.5830692,Não,,,,,,,,,,,,,,,,,,,,,,
Francisco Beltrão,Paraná,410840,-26.0790979,-53.0533527,Não,,,,,,,,,,,,,,,,,,,,,,
Guarapuava,Paraná,410940,-25.3950986,-51.4622016,Não,,,,,,,,,,,,,,,,,,,,,,
Ibiporã,Paraná,410980,-23.2684137,-51.0475907,Não,,,,,,,,,,,,,,,,,,,,,,
Irati,Paraná,411070,-25.469663,-50.649287,Não,,,,,,,,,,,,,,,,,,,,,,
Itaperuçu,Paraná,411125,-25.2212291,-49.3458394,Não,,,,,,,,,,,,,,,,,,,,,,
Lapa,Paraná,411320,-25.76709,-49.716777,Não,,,,,,,,,,,,,,,,,,,,,,
Londrina,Paraná,411370,-23.3112878,-51.1595023,Não,,,,,,,,,,,,,,,,,,,,,,
Mandirituba,Paraná,411430,-25.7772457,-49.3279107,Não,,,,,,,,,,,,,,,,,,,,,,
Marechal Cândido Rondon,Paraná,411460,-24.5582532,-54.0587821,Não,,,,,,,,,,,,,,,,,,,,,,
Maringá,Paraná,411520,-23.425269,-51.9382078,Não,,,,,,,,,,,,,,,,,,,,,,
Palmas,Paraná,411760,-26.483868,-51.988812,Não,,,,,,,,,,,,,,,,,,,,,,
Paranaguá,Paraná,411820,-25.5148822,-48.5226695,Não,,,,,,,,,,,,,,,,,,,,,,
Paranavaí,Paraná,411840,-23.08165,-52.461724,Não,,,,,,,,,,,,,,,,,,,,,,
Pato Branco,Paraná,411850,-26.2295984,-52.6712474,Não,,,,,,,,,,,,,,,,,,,,,,
Pinhais,Paraná,411915,-25.4443488,-49.1900307,Não,,,,,,,,,,,,,,,,,,,,,,
Piraquara,Paraná,411950,-25.4423273,-49.0604473,Não,,,,,,,,,,,,,,,,,,,,,,
Ponta Grossa,Paraná,411990,-25.0891685,-50.1601812,Não,,,,,,,,,,,,,,,,,,,,,,
Prudentópolis,Paraná,412060,-25.203358,-50.9895774,Não,,,,,,,,,,,,,,,,,,,,,,
Quatro Barras,Paraná,412080,-25.3708987,-49.0745672,Não,,,,,,,,,,,,,,,,,,,,,,
Quitandinha,Paraná,412120,-25.8737269,-49.4977717,Não,,,,,,,,,,,,,,,,,,,,,,
Rio Branco do Sul,Paraná,412220,-25.1885374,-49.3119082,Não,,,,,,,,,,,,,,,,,,,,,,
Rolândia,Paraná,412240,-23.3119901,-51.3674145,Não,,,,,,,,,,,,,,,,,,,,,,
São José dos Pinhais,Paraná,412550,-25.533816,-49.2072163,Não,,,,,,,,,,,,,,,,,,,,,,
Sarandi,Paraná,412625,-23.444117,-51.876016,Não,,,,,,,,,,,,,,,,,,,,,,
Telêmaco Borba,Paraná,412710,-24.3282939,-50.6318021,Não,,,,,,,,,,,,,,,,,,,,,,
Tijucas do Sul,Paraná,412760,-25.9273376,-49.179265,Não,,,,,,,,,,,,,,,,,,,,,,
Toledo,Paraná,412770,-24.7222438,-53.7402476,Não,,,,,,,,,,,,,,,,,,,,,,
Tunas do Paraná,Paraná,412788,-24.9739476,-49.0862467,Não,,,,,,,,,,,,,,,,,,,,,,
Umuarama,Paraná,412810,-23.7621152,-53.3116192,Não,,,,,,,,,,,,,,,,,,,,,,
União da Vitória,Paraná,412820,-26.228596,-51.0869796,Não,,,,,,,,,,,,,,,,,,,,,,
Abreu e Lima,Pernambuco,260005,-7.900719,-34.898389,Não,,,,,,,,,,,,,,,,,,,,,,
Araçoiaba,Pernambuco,260105,-7.7856903,-35.0898881,Não,,,,,,,,,,,,,,,,,,,,,,
Araripina,Pernambuco,260110,-7.5768582,-40.5038509,Não,,,,,,,,,,,,,,,,,,,,,,
Arcoverde,Pernambuco,260120,-8.4208643,-37.0547808,Não,,,,,,,,,,,,,,,,,,,,,,
Belo Jardim,Pernambuco,260170,-8.3338293,-36.4176419,Não,,,,,,,,,,,,,,,,,,,,,,
Bezerros,Pernambuco,260190,-8.2372132,-35.7558262,Não,,,,,,,,,,,,,,,,,,,,,,
Brejo da Madre de Deus,Pernambuco,260260,-8.1409718,-36.3712527,Não,,,,,,,,,,,,,,,,,,,,,,
Buíque,Pernambuco,260280,-8.6239732,-37.157296,Não,,,,,,,,,,,,,,,,,,,,,,
Cabo de Santo Agostinho,Pernambuco,260290,-8.2838945,-35.0320984,Não,,,,,,,,,,,,,,,,,,,,,,
Camaragibe,Pernambuco,260345,-8.0213832,-34.9810768,Não,,,,,,,,,,,,,,,,,,,,,,
Carpina,Pernambuco,260400,-7.8459105,-35.2538861,Não,,,,,,,,,,,,,,,,,,,,,,
Caruaru,Pernambuco,260410,-8.2829702,-35.9722852,Não,,,,,,,,,,,,,,,,,,,,,,
Escada,Pernambuco,260520,-8.3623847,-35.2366232,Não,,,,,,,,,,,,,,,,,,,,,,
Garanhuns,Pernambuco,260600,-8.8905889,-36.4930896,Não,,,,,,,,,,,,,,,,,,,,,,
Goiana,Pernambuco,260620,-7.560603,-34.99591,Não,,,,,,,,,,,,,,,,,,,,,,
Gravatá,Pernambuco,260640,-8.1993049,-35.5631137,Não,,,,,,,,,,,,,,,,,,,,,,
Igarassu,Pernambuco,260680,-7.8354423,-34.9061125,Não,,,,,,,,,,,,,,,,,,,,,,
Ilha de Itamaracá,Pernambuco,260760,-7.747664,-34.830319,Não,,,,,,,,,,,,,,,,,,,,,,
Ipojuca,Pernambuco,260720,-8.3980773,-35.0611068,Não,,,,,,,,,,,,,,,,,,,,,,
Itapissuma,Pernambuco,260775,-7.767983,-34.897136,Não,,,,,,,,,,,,,,,,,,,,,,
Jaboatão dos Guararapes,Pernambuco,260790,-8.1752476,-34.9468716,Não,,,,,,,,,,,,,,,,,,,,,,
Limoeiro,Pernambuco,260890,-7.872599,-35.440154,Não,,,,,,,,,,,,,,,,,,,,,,
Moreno,Pernambuco,260940,-8.108706,-35.08354,Não,,,,,,,,,,,,,,,,,,,,,,
Olinda,Pernambuco,260960,-7.9986401,-34.8459552,Não,,,,,,,,,,,,,,,,,,,,,,
Ouricuri,Pernambuco,260990,-7.884432,-40.0833221,Não,,,,,,,,,,,,,,,,,,,,,,
Palmares,Pernambuco,261000,-8.684226,-35.589032,Não,,,,,,,,,,,,,,,,,,,,,,
Paudalho,Pernambuco,261060,-7.90287,-35.171639,Não,,,,,,,,,,,,,,,,,,,,,,
Paulista,Pernambuco,261070,-7.9340069,-34.868407,Não,,,,,,,,,,,,,,,,,,,,,,
Pesqueira,Pernambuco,261090,-8.3574471,-36.6968238,Não,,,,,,,,,,,,,,,,,,,,,,
Petrolina,Pernambuco,261110,-9.3817334,-40.4968875,Não,,,,,,,,,,,,,,,,,,,,,,
Recife,Pernambuco,261160,-8.0584933,-34.8848193,Não,,,,,,,,,,,,,,,,,,,,,,
Salgueiro,Pernambuco,261220,-8.0726731,-39.1269719,Não,,,,,,,,,,,,,,,,,,,,,,
Santa Cruz do Capibaribe,Pernambuco,261250,-7.948019,-36.206092,Não,,,,,,,,,,,,,,,,,,,,,,
São Bento do Una,Pernambuco,261300,-8.5196562,-36.4454372,Não,,,,,,,,,,,,,,,,,,,,,,
São Lourenço da Mata,Pernambuco,261370,-7.9959607,-35.039335,Não,,,,,,,,,,,,,,,,,,,,,,
Serra Talhada,Pernambuco,261390,-7.9867805,-38.2920294,Não,,,,,,,,,,,,,,,,,,,,,,
Surubim,Pernambuco,261450,-7.8424353,-35.7539722,Não,,,,,,,,,,,,,,,,,,,,,,
Timbaúba,Pernambuco,261530,-7.5118822,-35.316076,Não,,,,,,,,,,,,,,,,,,,,,,
Vitória de Santo Antão,Pernambuco,261640,-8.1209019,-35.2944858,Não,,,,,,,,,,,,,,,,,,,,,,
Altos,Piauí,220040,-5.0393915,-42.4611694,Não,,,,,,,,,,,,,,,,,,,,,,
Beneditinos,Piauí,220160,-5.5144956,-42.3713028,Não,,,,,,,,,,,,,,,,,,,,,,
Coivaras,Piauí,220273,-5.1178549,-42.2846258,Não,,,,,,,,,,,,,,,,,,,,,,
Curralinhos,Piauí,220325,-5.6060766,-42.8433572,Não,,,,,,,,,,,,,,,,,,,,,,
Demerval Lobão,Piauí,220330,-5.3640643,-42.673993,Não,,,,,,,,,,,,,,,,,,,,,,
Floriano,Piauí,220390,-6.7675739,-43.022261,Não,,,,,,,,,,,,,,,,,,,,,,
José de Freitas,Piauí,220550,-4.7578357,-42.5763777,Não,,,,,,,,,,,,,,,,,,,,,,
Lagoa Alegre,Piauí,220555,-4.491083,-42.5659734,Não,,,,,,,,,,,,,,,,,,,,,,
Lagoa do Piauí,Piauí,220558,-5.4507601,-42.6241003,Não,,,,,,,,,,,,,,,,,,,,,,
Miguel Leão,Piauí,220630,-5.7099281,-42.6407654,Não,,,,,,,,,,,,,,,,,,,,,,
Monsenhor Gil,Piauí,220640,-5.5609098,-42.6127716,Não,,,,,,,,,,,,,,,,,,,,,,
Nazária,Piauí,220672,-5.3512851,-42.8152823,Não,,,,,,,,,,,,,,,,,,,,,,
Parnaíba,Piauí,220770,-2.9147515,-41.7661953,Não,,,,,,,,,,,,,,,,,,,,,,
Pau D'Arco do Piauí,Piauí,220779,-5.2423388,-42.469067,Não,,,,,,,,,,,,,,,,,,,,,,
Picos,Piauí,220800,-7.0823544,-41.4685053,Não,,,,,,,,,,,,,,,,,,,,,,
Piripiri,Piauí,220840,-4.2732339,-41.7785173,Não,,,,,,,,,,,,,,,,,,,,,,
Teresina,Piauí,221100,-5.0874608,-42.8049571,Não,,,,,,,,,,,,,,,,,,,,,,
União,Piauí,221110,-4.5892553,-42.8593348,Não,,,,,,,,,,,,,,,,,,,,,,
Angra dos Reis,Rio de Janeiro,330010,-23.1555405,-44.2344809,Não,,,,,,,,,,,,,,,,,,,,,,
Araruama,Rio de Janeiro,330020,-22.8733203,-42.3428897,Não,,,,,,,,,,,,,,,,,,,,,,
Barra do Piraí,Rio de Janeiro,330030,-22.4242692,-43.8935244,Não,,,,,,,,,,,,,,,,,,,,,,
Barra Mansa,Rio de Janeiro,330040,-22.5617455,-44.1663435,Não,,,,,,,,,,,,,,,,,,,,,,
Belford Roxo,Rio de Janeiro,330045,-22.7667284,-43.4033603,Não,,,,,,,,,,,,,,,,,,,,,,
Cabo Frio,Rio de Janeiro,330070,-22.8804369,-42.0189227,Não,,,,,,,,,,,,,,,,,,,,,,
Cachoeiras de Macacu,Rio de Janeiro,330080,-22.4626861,-42.6534414,Não,,,,,,,,,,,,,,,,,,,,,,
Campos dos Goytacazes,Rio de Janeiro,330100,-21.7546,-41.3242,Não,,,,,,,,,,,,,,,,,,,,,,
Duque de Caxias,Rio de Janeiro,330170,-22.6429163,-43.3021266,Não,,,,,,,,,,,,,,,,,,,,,,
Guapimirim,Rio de Janeiro,330185,-22.5266308,-42.9790687,Não,,,,,,,,,,,,,,,,,,,,,,
Itaboraí,Rio de Janeiro,330190,-22.7558128,-42.8829561,Não,,,,,,,,,,,,,,,,,,,,,,
Itaguaí,Rio de Janeiro,330200,-22.8122697,-43.823563,Não,,,,,,,,,,,,,,,,,,,,,,
Itaperuna,Rio de Janeiro,330220,-21.215816,-41.879813,Não,,,,,,,,,,,,,,,,,,,,,,
Japeri,Rio de Janeiro,330227,-22.6427642,-43.6533831,Não,,,,,,,,,,,,,,,,,,,,,,
Macaé,Rio de Janeiro,330240,-22.2828305,-41.9649091,Não,,,,,,,,,,,,,,,,,,,,,,
Magé,Rio de Janeiro,330250,-22.6604221,-43.0426162,Não,,,,,,,,,,,,,,,,,,,,,,
Maricá,Rio de Janeiro,330270,-22.9196772,-42.8184375,Não,,,,,,,,,,,,,,,,,,,,,,
Mesquita,Rio de Janeiro,330285,-22.783092,-43.4293599,Não,,,,,,,,,,,,,,,,,,,,,,
Nilópolis,Rio de Janeiro,330320,-22.8080114,-43.4138222,Não,,,,,,,,,,,,,,,,,,,,,,
Niterói,Rio de Janeiro,330330,-22.8884,-43.1147,Não,,,,,,,,,,,,,,,,,,,,,,
Nova Friburgo,Rio de Janeiro,330340,-22.3061661,-42.4934183,Não,,,,,,,,,,,,,,,,,,,,,,
Nova Iguaçu,Rio de Janeiro,330350,-22.7592175,-43.4508728,Não,,,,,,,,,,,,,,,,,,,,,,
Paracambi,Rio de Janeiro,330360,-22.6109158,-43.7096912,Não,,,,,,,,,,,,,,,,,,,,,,
Petrópolis,Rio de Janeiro,330390,-22.5075743,-43.1785356,Não,,,,,,,,,,,,,,,,,,,,,,
Queimados,Rio de Janeiro,330414,-22.7156978,-43.555754,Não,,,,,,,,,,,,,,,,,,,,,,
Resende,Rio de Janeiro,330420,-22.4683626,-44.4463494,Não,,,,,,,,,,,,,,,,,,,,,,
Rio Bonito,Rio de Janeiro,330430,-22.7108378,-42.6271864,Não,,,,,,,,,,,,,,,,,,,,,,
Rio das Ostras,Rio de Janeiro,330452,-22.5269448,-41.944972,Não,,,,,,,,,,,,,,,,,,,,,,
Rio de Janeiro,Rio de Janeiro,330455,-22.9110137,-43.2093727,Não,,,,,,,,,,,,,,,,,,,,,,
São Gonçalo,Rio de Janeiro,330490,-22.821635,-42.9956797,Não,,,,,,,,,,,,,,,,,,,,,,
São João de Meriti,Rio de Janeiro,330510,-22.7853575,-43.366715,Não,,,,,,,,,,,,,,,,,,,,,,
São Pedro da Aldeia,Rio de Janeiro,330520,-22.8384835,-42.1031604,Não,,,,,,,,,,,,,,,,,,,,,,
Saquarema,Rio de Janeiro,330550,-22.9257974,-42.507633,Não,,,,,,,,,,,,,,,,,,,,,,
Seropédica,Rio de Janeiro,330555,-22.7438887,-43.6991998,Não,,,,,,,,,,,,,,,,,,,,,,
Tanguá,Rio de Janeiro,330575,-22.7353777,-42.7202272,Não,,,,,,,,,,,,,,,,,,,,,,
Teresópolis,Rio de Janeiro,330580,-22.4164578,-42.975194,Não,,,,,,,,,,,,,,,,,,,,,,
Três Rios,Rio de Janeiro,330600,-22.1167884,-43.2087226,Não,,,,,,,,,,,,,,,,,,,,,,
Valença,Rio de Janeiro,330610,-22.2461028,-43.6996917,Não,,,,,,,,,,,,,,,,,,,,,,
Volta Redonda,Rio de Janeiro,330630,-22.521856,-44.1040128,Não,,,,,,,,,,,,,,,,,,,,,,
Açu,Rio Grande do Norte,240020,-5.5836157,-36.9139541,Não,,,,,,,,,,,,,,,,,,,,,,
Caicó,Rio Grande do Norte,240200,-6.4594544,-37.0971911,Não,,,,,,,,,,,,,,,,,,,,,,
Ceará-Mirim,Rio Grande do Norte,240260,-5.633588,-35.4248407,Não,,,,,,,,,,,,,,,,,,,,,,
Extremoz,Rio Grande do Norte,240360,-5.7057628,-35.3034765,Não,,,,,,,,,,,,,,,,,,,,,,
Macaíba,Rio Grande do Norte,240710,-5.8561372,-35.3523774,Não,,,,,,,,,,,,,,,,,,,,,,
Monte Alegre,Rio Grande do Norte,240780,-6.069901,-35.333635,Não,,,,,,,,,,,,,,,,,,,,,,
Mossoró,Rio Grande do Norte,240800,-5.1904332,-37.3443872,Não,,,,,,,,,,,,,,,,,,,,,,
Natal,Rio Grande do Norte,240810,-5.805398,-35.2080905,Não,,,,,,,,,,,,,,,,,,,,,,
Nísia Floresta,Rio Grande do Norte,240820,-6.0902674,-35.2085026,Não,,,,,,,,,,,,,,,,,,,,,,
Parnamirim,Rio Grande do Norte,240325,-5.9153334,-35.2679913,Não,,,,,,,,,,,,,,,,,,,,,,
São Gonçalo do Amarante,Rio Grande do Norte,241200,-5.7932331,-35.3286312,Não,,,,,,,,,,,,,,,,,,,,,,
São José de Mipibu,Rio Grande do Norte,241220,-6.0746867,-35.2370184,Não,,,,,,,,,,,,,,,,,,,,,,
Vera Cruz,Rio Grande do Norte,241480,-6.0493346,-35.4311152,Não,,,,,,,,,,,,,,,,,,,,,,
Alegrete,Rio Grande do Sul,430040,-29.790166,-55.794862,Não,,,,,,,,,,,,,,,,,,,,,,
Alvorada,Rio Grande do Sul,430060,-29.9981184,-51.0772509,Não,,,,,,,,,,,,,,,,,,,,,,
Araricá,Rio Grande do Sul,430087,-29.6168543,-50.929121,Não,,,,,,,,,,,,,,,,,,,,,,
Arroio dos Ratos,Rio Grande do Sul,430110,-30.0894524,-51.7265541,Não,,,,,,,,,,,,,,,,,,,,,,
Bagé,Rio Grande do Sul,430160,-31.3314264,-54.1062808,Não,,,,,,,,,,,,,,,,,,,,,,
Bento Gonçalves,Rio Grande do Sul,430210,-29.1654014,-51.5197627,Não,,,,,,,,,,,,,,,,,,,,,,
Cachoeira do Sul,Rio Grande do Sul,430300,-30.0482234,-52.8901686,Não,,,,,,,,,,,,,,,,,,,,,,
Cachoeirinha,Rio Grande do Sul,430310,-29.9493353,-51.0898927,Não,,,,,,,,,,,,,,,,,,,,,,
Camaquã,Rio Grande do Sul,430350,-30.8524752,-51.8075619,Não,,,,,,,,,,,,,,,,,,,,,,
Campo Bom,Rio Grande do Sul,430390,-29.678418,-51.0572268,Não,,,,,,,,,,,,,,,,,,,,,,
Canguçu,Rio Grande do Sul,430450,-31.398276,-52.6773522,Não,,,,,,,,,,,,,,,,,,,,,,
Canoas,Rio Grande do Sul,430460,-29.9216045,-51.1799525,Não,,,,,,,,,,,,,,,,,,,,,,
Capão da Canoa,Rio Grande do Sul,430463,-29.7508278,-50.0210729,Não,,,,,,,,,,,,,,,,,,,,,,
Capela de Santana,Rio Grande do Sul,430468,-29.6926603,-51.3206659,Não,,,,,,,,,,,,,,,,,,,,,,
Carazinho,Rio Grande do Sul,430470,-28.2981634,-52.7942363,Não,,,,,,,,,,,,,,,,,,,,,,
Caxias do Sul,Rio Grande do Sul,430510,-29.1685045,-51.1796385,Não,,,,,,,,,,,,,,,,,,,,,,
Charqueadas,Rio Grande do Sul,430535,-29.9549088,-51.6249534,Não,,,,,,,,,,,,,,,,,,,,,,
Cruz Alta,Rio Grande do Sul,430610,-28.645056,-53.6058047,Não,,,,,,,,,,,,,,,,,,,,,,
Dois Irmãos,Rio Grande do Sul,430640,-29.58356,-51.089776,Não,,,,,,,,,,,,,,,,,,,,,,
Eldorado do Sul,Rio Grande do Sul,430676,-29.9976311,-51.3063965,Não,,,,,,,,,,,,,,,,,,,,,,
Erechim,Rio Grande do Sul,430700,-27.6350709,-52.2738654,Não,,,,,,,,,,,,,,,,,,,,,,
Estância Velha,Rio Grande do Sul,430760,-29.6529666,-51.1719687,Não,,,,,,,,,,,,,,,,,,,,,,
Esteio,Rio Grande do Sul,430770,-29.8511627,-51.1778852,Não,,,,,,,,,,,,,,,,,,,,,,
Farroupilha,Rio Grande do Sul,430790,-29.22647,-51.3468188,Não,,,,,,,,,,,,,,,,,,,,,,
Glorinha,Rio Grande do Sul,430905,-29.8790534,-50.7869437,Não,,,,,,,,,,,,,,,,,,,,,,
Gravataí,Rio Grande do Sul,430920,-29.9440222,-50.9930938,Não,,,,,,,,,,,,,,,,,,,,,,
Guaíba,Rio Grande do Sul,430930,-30.1130731,-51.329442,Não,,,,,,,,,,,,,,,,,,,,,,
Ijuí,Rio Grande do Sul,431020,-28.3878734,-53.9201692,Não,,,,,,,,,,,,,,,,,,,,,,
Ivoti,Rio Grande do Sul,431080,-29.5934057,-51.1599403,Não,,,,,,,,,,,,,,,,,,,,,,
Lajeado,Rio Grande do Sul,431140,-29.4671522,-51.9624046,Não,,,,,,,,,,,,,,,,,,,,,,
Montenegro,Rio Grande do Sul,431240,-29.6826112,-51.4687455,Não,,,,,,,,,,,,,,,,,,,,,,
Nova Hartz,Rio Grande do Sul,431306,-29.5842391,-50.9043246,Não,,,,,,,,,,,,,,,,,,,,,,
Nova Santa Rita,Rio Grande do Sul,431337,-29.8489972,-51.2764275,Não,,,,,,,,,,,,,,,,,,,,,,
Novo Hamburgo,Rio Grande do Sul,431340,-29.6905705,-51.1429035,Não,,,,,,,,,,,,,,,,,,,,,,
Parobé,Rio Grande do Sul,431405,-29.624257,-50.83118,Não,,,,,,,,,,,,,,,,,,,,,,
Passo Fundo,Rio Grande do Sul,431410,-28.2550598,-52.3966606,Não,,,,,,,,,,,,,,,,,,,,,,
Pelotas,Rio Grande do Sul,431440,-31.7699736,-52.3410161,Não,,,,,,,,,,,,,,,,,,,,,,
Portão,Rio Grande do Sul,431480,-29.6932554,-51.2331837,Não,,,,,,,,,,,,,,,,,,,,,,
Porto Alegre,Rio Grande do Sul,431490,-30.0324999,-51.2303767,Não,,,,,,,,,,,,,,,,,,,,,,
Rio Grande,Rio Grande do Sul,431560,-32.0334252,-52.0991297,Não,,,,,,,,,,,,,,,,,,,,,,
Sant'Ana do Livramento,Rio Grande do Sul,431710,-30.8894097,-55.5317694,Não,,,,,,,,,,,,,,,,,,,,,,
Santa Cruz do Sul,Rio Grande do Sul,431680,-29.714209,-52.4285807,Não,,,,,,,,,,,,,,,,,,,,,,
Santa Maria,Rio Grande do Sul,431690,-29.6860512,-53.8069214,Não,,,,,,,,,,,,,,,,,,,,,,
Santa Rosa,Rio Grande do Sul,431720,-27.8643546,-54.4779287,Não,,,,,,,,,,,,,,,,,,,,,,
Santo Ângelo,Rio Grande do Sul,431750,-28.3000481,-54.2669971,Não,,,,,,,,,,,,,,,,,,,,,,
Santo Antônio da Patrulha,Rio Grande do Sul,431760,-29.826768,-50.517489,Não,,,,,,,,,,,,,,,,,,,,,,
São Borja,Rio Grande do Sul,431800,-28.6592237,-56.0044295,Não,,,,,,,,,,,,,,,,,,,,,,
São Gabriel,Rio Grande do Sul,431830,-30.334214,-54.3227149,Não,,,,,,,,,,,,,,,,,,,,,,
São Jerônimo,Rio Grande do Sul,431840,-29.959642,-51.7238192,Não,,,,,,,,,,,,,,,,,,,,,,
São Leopoldo,Rio Grande do Sul,431870,-29.7544405,-51.1516497,Não,,,,,,,,,,,,,,,,,,,,,,
Sapiranga,Rio Grande do Sul,431990,-29.6392382,-51.0068586,Não,,,,,,,,,,,,,,,,,,,,,,
Sapucaia do Sul,Rio Grande do Sul,432000,-29.8197019,-51.1608722,Não,,,,,,,,,,,,,,,,,,,,,,
Taquara,Rio Grande do Sul,432120,-29.6452036,-50.7832169,Não,,,,,,,,,,,,,,,,,,,,,,
Tramandaí,Rio Grande do Sul,432160,-29.9855339,-50.1316076,Não,,,,,,,,,,,,,,,,,,,,,,
Triunfo,Rio Grande do Sul,432200,-29.9407972,-51.7191859,Não,,,,,,,,,,,,,,,,,,,,,,
Uruguaiana,Rio Grande do Sul,432240,-29.7560726,-57.0867546,Não,,,,,,,,,,,,,,,,,,,,,,
Vacaria,Rio Grande do Sul,432250,-28.5102901,-50.9356044,Não,,,,,,,,,,,,,,,,,,,,,,
Venâncio Aires,Rio Grande do Sul,432260,-29.614306,-52.193159,Não,,,,,,,,,,,,,,,,,,,,,,
Viamão,Rio Grande do Sul,432300,-30.0819338,-51.0261927,Não,,,,,,,,,,,,,,,,,,,,,,
Ariquemes,Rondônia,110002,-9.9076522,-63.033069,Sim,96833.0,85454.0,11379.0,2455.0,94378.0,0.118,0.882,0.975,0.025,21.88,4426.571,23263058.96,0.0028,16.42,0,93.81,0.387,0.023,5.22,1523381.24,23.442,96
Cacoal,Rondônia,110004,-11.4333,-61.4420502,Sim,86887.0,72661.0,14226.0,54495.0,32392.0,0.164,0.836,0.373,0.627,22.91,3792.948,23330391.72,0.0075,17.379,0.23,158.77,0.525,0.473,2.11,3421182.56,37.405,238
Jaru,Rondônia,110011,-10.431826,-62.478769,Sim,50591.0,32006.0,18585.0,0.0,50591.0,0.367,0.633,1.0,0.0,17.18,2944.128,7450841.81,0.0022,10.674,0.198,65.69,0.51,0,5.08,695252.63,31.033,42
Ji-Paraná,Rondônia,110012,-10.8778148,-61.9277854,Sim,124333.0,100359.0,23974.0,1728.0,122605.0,0.193,0.807,0.986,0.014,18.03,6896.649,19955143.78,0.0056,4.504,0,102.29,0.479,0.013,3.38,2228379.79,15.362,252
Porto Velho,Rondônia,110020,-8.7494525,-63.8735438,Sim,460434.0,192424.0,268010.0,45525.0,414909.0,0.582,0.418,0.901,0.099,13.51,34090.962,51699777.59,0.0127,1.803,0.065,44.81,0.773,0.017,5.38,14449422.56,9.426,1929
Rolim de Moura,Rondônia,110028,-11.727071,-61.771411,Sim,56406.0,46772.0,9634.0,1425.0,54981.0,0.171,0.829,0.975,0.025,38.69,1457.888,18244484,0.0018,6.028,0.177,149.53,0.223,0.027,5.4,1104561.91,15.778,38
Vilhena,Rondônia,110030,-12.7368536,-60.1465555,Sim,95832.0,95599.0,233.0,0.0,95832.0,0.002,0.998,1.0,0.0,8.19,11699.146,16974096.23,0.0019,3.652,0.104,204.74,0.667,0,1.86,3722112.19,8.87,67
Boa Vista,Roraima,140010,2.8208478,-60.6719582,Sim,413486.0,398806.0,14680.0,383731.0,29755.0,0.036,0.964,0.072,0.928,72.71,5687.037,111470545.88,0.0101,5.949,0.145,149.4,0.532,0.95,2.82,10054042.41,15.309,1206
Águas Mornas,Santa Catarina,420060,-27.696316,-48.8247831,Não,,,,,,,,,,,,,,,,,,,,,,
Alfredo Wagner,Santa Catarina,420070,-27.6961513,-49.3326734,Não,,,,,,,,,,,,,,,,,,,,,,
Angelina,Santa Catarina,420090,-27.5805287,-48.9838759,Não,,,,,,,,,,,,,,,,,,,,,,
Anitápolis,Santa Catarina,420110,-27.9041185,-49.1287395,Não,,,,,,,,,,,,,,,,,,,,,,
Antônio Carlos,Santa Catarina,420120,-27.5168462,-48.7684715,Não,,,,,,,,,,,,,,,,,,,,,,
Araranguá,Santa Catarina,420140,-28.9348832,-49.4858389,Não,,,,,,,,,,,,,,,,,,,,,,
Balneário Camboriú,Santa Catarina,420200,-26.9924395,-48.6339782,Não,,,,,,,,,,,,,,,,,,,,,,
Biguaçu,Santa Catarina,420230,-27.4961277,-48.6542432,Não,,,,,,,,,,,,,,,,,,,,,,
Blumenau,Santa Catarina,420240,-26.9195567,-49.0658025,Não,,,,,,,,,,,,,,,,,,,,,,
Brusque,Santa Catarina,420290,-27.0964628,-48.9136323,Não,,,,,,,,,,,,,,,,,,,,,,
Caçador,Santa Catarina,420300,-26.7737784,-51.0134844,Não,,,,,,,,,,,,,,,,,,,,,,
Camboriú,Santa Catarina,420320,-27.0273601,-48.6535657,Não,,,,,,,,,,,,,,,,,,,,,,
Canelinha,Santa Catarina,420370,-27.2660341,-48.7666708,Não,,,,,,,,,,,,,,,,,,,,,,
Canoinhas,Santa Catarina,420380,-26.1755121,-50.3949592,Não,,,,,,,,,,,,,,,,,,,,,,
Chapecó,Santa Catarina,420420,-27.1110472,-52.5958977,Não,,,,,,,,,,,,,,,,,,,,,,
Concórdia,Santa Catarina,420430,-27.2312011,-52.0231024,Não,,,,,,,,,,,,,,,,,,,,,,
Criciúma,Santa Catarina,420460,-28.6789941,-49.3695627,Não,,,,,,,,,,,,,,,,,,,,,,
Florianópolis,Santa Catarina,420540,-27.5973002,-48.5496098,Não,,,,,,,,,,,,,,,,,,,,,,
Garopaba,Santa Catarina,420570,-28.0274798,-48.6240197,Não,,,,,,,,,,,,,,,,,,,,,,
Gaspar,Santa Catarina,420590,-26.9307306,-48.9566824,Não,,,,,,,,,,,,,,,,,,,,,,
Governador Celso Ramos,Santa Catarina,420600,-27.317161,-48.557608,Não,,,,,,,,,,,,,,,,,,,,,,
Içara,Santa Catarina,420700,-28.7116553,-49.2971441,Não,,,,,,,,,,,,,,,,,,,,,,
Indaial,Santa Catarina,420750,-26.8901747,-49.2416736,Não,,,,,,,,,,,,,,,,,,,,,,
Itajaí,Santa Catarina,420820,-26.9046787,-48.6552979,Não,,,,,,,,,,,,,,,,,,,,,,
Itapema,Santa Catarina,420830,-27.09472,-48.6137778,Não,,,,,,,,,,,,,,,,,,,,,,
Jaraguá do Sul,Santa Catarina,420890,-26.4897432,-49.0778063,Não,,,,,,,,,,,,,,,,,,,,,,
Joinville,Santa Catarina,420910,-26.3044898,-48.8486726,Não,,,,,,,,,,,,,,,,,,,,,,
Lages,Santa Catarina,420930,-27.8165664,-50.325883,Não,,,,,,,,,,,,,,,,,,,,,,
Leoberto Leal,Santa Catarina,420980,-27.5071209,-49.2871979,Não,,,,,,,,,,,,,,,,,,,,,,
Mafra,Santa Catarina,421010,-26.1150943,-49.8035982,Não,,,,,,,,,,,,,,,,,,,,,,
Major Gercino,Santa Catarina,421020,-27.419236,-48.94878,Não,,,,,,,,,,,,,,,,,,,,,,
Navegantes,Santa Catarina,421130,-26.8898813,-48.6495828,Não,,,,,,,,,,,,,,,,,,,,,,
Nova Trento,Santa Catarina,421150,-27.2862616,-48.9302652,Não,,,,,,,,,,,,,,,,,,,,,,
Palhoça,Santa Catarina,421190,-27.6447774,-48.6646323,Não,,,,,,,,,,,,,,,,,,,,,,
Paulo Lopes,Santa Catarina,421230,-27.964968,-48.6830299,Não,,,,,,,,,,,,,,,,,,,,,,
Rancho Queimado,Santa Catarina,421430,-27.6727911,-49.0124197,Não,,,,,,,,,,,,,,,,,,,,,,
Rio do Sul,Santa Catarina,421480,-27.2162607,-49.643654,Não,,,,,,,,,,,,,,,,,,,,,,
Santo Amaro da Imperatriz,Santa Catarina,421570,-27.6865324,-48.7769405,Não,,,,,,,,,,,,,,,,,,,,,,
São Bento do Sul,Santa Catarina,421580,-26.2483669,-49.3820672,Não,,,,,,,,,,,,,,,,,,,,,,
São Bonifácio,Santa Catarina,421590,-27.900907,-48.932608,Não,,,,,,,,,,,,,,,,,,,,,,
São Francisco do Sul,Santa Catarina,421620,-26.2495087,-48.6308087,Não,,,,,,,,,,,,,,,,,,,,,,
São João Batista,Santa Catarina,421630,-27.277547,-48.8496101,Não,,,,,,,,,,,,,,,,,,,,,,
São José,Santa Catarina,421660,-27.6157733,-48.6276491,Não,,,,,,,,,,,,,,,,,,,,,,
São Pedro de Alcântara,Santa Catarina,421725,-27.5676985,-48.8047973,Não,,,,,,,,,,,,,,,,,,,,,,
Tijucas,Santa Catarina,421800,-27.239404,-48.6353696,Não,,,,,,,,,,,,,,,,,,,,,,
Tubarão,Santa Catarina,421870,-28.471488,-49.014132,Não,,,,,,,,,,,,,,,,,,,,,,
Videira,Santa Catarina,421930,-27.00544,-51.1533733,Não,,,,,,,,,,,,,,,,,,,,,,
Xanxerê,Santa Catarina,421950,-26.8748603,-52.4035964,Não,,,,,,,,,,,,,,,,,,,,,,
Americana,São Paulo,350160,-22.7392463,-47.3306032,Não,,,,,,,,,,,,,,,,,,,,,,
Amparo,São Paulo,350190,-22.70111,-46.76444,Não,,,,,,,,,,,,,,,,,,,,,,
Andradina,São Paulo,350210,-20.896505,-51.3742765,Não,,,,,,,,,,,,,,,,,,,,,,
Araçatuba,São Paulo,350280,-21.207992,-50.4390225,Não,,,,,,,,,,,,,,,,,,,,,,
Araraquara,São Paulo,350320,-21.7886713,-48.1773096,Não,,,,,,,,,,,,,,,,,,,,,,
Araras,São Paulo,350330,-22.3569192,-47.3838766,Não,,,,,,,,,,,,,,,,,,,,,,
Artur Nogueira,São Paulo,350380,-22.572737,-47.172679,Não,,,,,,,,,,,,,,,,,,,,,,
Arujá,São Paulo,350390,-23.396266,-46.3175449,Não,,,,,,,,,,,,,,,,,,,,,,
Assis,São Paulo,350400,-22.6620892,-50.420623,Não,,,,,,,,,,,,,,,,,,,,,,
Atibaia,São Paulo,350410,-23.1177393,-46.5547861,Não,,,,,,,,,,,,,,,,,,,,,,
Avaré,São Paulo,350450,-23.1045215,-48.9259103,Não,,,,,,,,,,,,,,,,,,,,,,
Barretos,São Paulo,350550,-20.5531437,-48.5697509,Não,,,,,,,,,,,,,,,,,,,,,,
Barueri,São Paulo,350570,-23.5112184,-46.8764612,Não,,,,,,,,,,,,,,,,,,,,,,
Batatais,São Paulo,350590,-20.892867,-47.592149,Não,,,,,,,,,,,,,,,,,,,,,,
Bauru,São Paulo,350600,-22.3218102,-49.0705863,Não,,,,,,,,,,,,,,,,,,,,,,
Bebedouro,São Paulo,350610,-20.949077,-48.479083,Não,,,,,,,,,,,,,,,,,,,,,,
Bertioga,São Paulo,350635,-23.848568,-46.139586,Não,,,,,,,,,,,,,,,,,,,,,,
Birigui,São Paulo,350650,-21.2908491,-50.34144,Não,,,,,,,,,,,,,,,,,,,,,,
Biritiba-Mirim,São Paulo,350660,-23.5697765,-46.0407456,Não,,,,,,,,,,,,,,,,,,,,,,
Boituva,São Paulo,350700,-23.2838893,-47.6738231,Não,,,,,,,,,,,,,,,,,,,,,,
Botucatu,São Paulo,350750,-22.8879628,-48.4410712,Não,,,,,,,,,,,,,,,,,,,,,,
Bragança Paulista,São Paulo,350760,-22.9520235,-46.5418586,Não,,,,,,,,,,,,,,,,,,,,,,
Caçapava,São Paulo,350850,-23.099204,-45.707645,Não,,,,,,,,,,,,,,,,,,,,,,
Caieiras,São Paulo,350900,-23.3644621,-46.7484765,Não,,,,,,,,,,,,,,,,,,,,,,
Cajamar,São Paulo,350920,-23.3561111,-46.8769444,Não,,,,,,,,,,,,,,,,,,,,,,
Campinas,São Paulo,350950,-22.9056391,-47.059564,Não,,,,,,,,,,,,,,,,,,,,,,
Campo Limpo Paulista,São Paulo,350960,-23.207791,-46.788919,Não,,,,,,,,,,,,,,,,,,,,,,
Campos do Jordão,São Paulo,350970,-22.738299,-45.5903769,Não,,,,,,,,,,,,,,,,,,,,,,
Capivari,São Paulo,351040,-22.9999295,-47.5031066,Não,,,,,,,,,,,,,,,,,,,,,,
Caraguatatuba,São Paulo,351050,-23.62028,-45.41306,Não,,,,,,,,,,,,,,,,,,,,,,
Carapicuíba,São Paulo,351060,-23.5234673,-46.8406808,Não,,,,,,,,,,,,,,,,,,,,,,
Catanduva,São Paulo,351110,-21.1331035,-48.9712817,Não,,,,,,,,,,,,,,,,,,,,,,
Cosmópolis,São Paulo,351280,-22.6437398,-47.1972086,Não,,,,,,,,,,,,,,,,,,,,,,
Cotia,São Paulo,351300,-23.603889,-46.918889,Não,,,,,,,,,,,,,,,,,,,,,,
Cruzeiro,São Paulo,351340,-22.5783685,-44.9642044,Não,,,,,,,,,,,,,,,,,,,,,,
Cubatão,São Paulo,351350,-23.8857982,-46.4241869,Não,,,,,,,,,,,,,,,,,,,,,,
Diadema,São Paulo,351380,-23.6866428,-46.6246935,Não,,,,,,,,,,,,,,,,,,,,,,
Embu das Artes,São Paulo,351500,-23.6495294,-46.8528497,Não,,,,,,,,,,,,,,,,,,,,,,
Embu-Guaçu,São Paulo,351510,-23.8317997,-46.8156204,Não,,,,,,,,,,,,,,,,,,,,,,
Fernandópolis,São Paulo,351550,-20.2825647,-50.2500762,Não,,,,,,,,,,,,,,,,,,,,,,
Ferraz de Vasconcelos,São Paulo,351570,-23.541056,-46.37097,Não,,,,,,,,,,,,,,,,,,,,,,
Franca,São Paulo,351620,-20.5381768,-47.4009795,Não,,,,,,,,,,,,,,,,,,,,,,
Francisco Morato,São Paulo,351630,-23.2817308,-46.7448996,Não,,,,,,,,,,,,,,,,,,,,,,
Franco da Rocha,São Paulo,351640,-23.3328038,-46.724446,Não,,,,,,,,,,,,,,,,,,,,,,
Guararema,São Paulo,351830,-23.4136776,-46.0383744,Não,,,,,,,,,,,,,,,,,,,,,,
Guaratinguetá,São Paulo,351840,-22.8057839,-45.1908926,Não,,,,,,,,,,,,,,,,,,,,,,
Guarujá,São Paulo,351870,-23.9927768,-46.2558332,Não,,,,,,,,,,,,,,,,,,,,,,
Guarulhos,São Paulo,351880,-23.4675941,-46.5277704,Não,,,,,,,,,,,,,,,,,,,,,,
Hortolândia,São Paulo,351907,-22.8620175,-47.2164219,Não,,,,,,,,,,,,,,,,,,,,,,
Ibitinga,São Paulo,351960,-21.75623,-48.831903,Não,,,,,,,,,,,,,,,,,,,,,,
Ibiúna,São Paulo,351970,-23.6544825,-47.220856,Não,,,,,,,,,,,,,,,,,,,,,,
Indaiatuba,São Paulo,352050,-23.0908356,-47.2180677,Não,,,,,,,,,,,,,,,,,,,,,,
Itanhaém,São Paulo,352210,-24.1833421,-46.7896229,Não,,,,,,,,,,,,,,,,,,,,,,
Itapecerica da Serra,São Paulo,352220,-23.7176303,-46.8492435,Não,,,,,,,,,,,,,,,,,,,,,,
Itapetininga,São Paulo,352230,-23.588607,-48.048326,Não,,,,,,,,,,,,,,,,,,,,,,
Itapeva,São Paulo,352240,-23.9849105,-48.8803886,Não,,,,,,,,,,,,,,,,,,,,,,
Itapevi,São Paulo,352250,-23.54888,-46.933889,Não,,,,,,,,,,,,,,,,,,,,,,
Itapira,São Paulo,352260,-22.436111,-46.821667,Não,,,,,,,,,,,,,,,,,,,,,,
Itaquaquecetuba,São Paulo,352310,-23.4754492,-46.3514033,Não,,,,,,,,,,,,,,,,,,,,,,
Itararé,São Paulo,352320,-24.1145368,-49.3352464,Não,,,,,,,,,,,,,,,,,,,,,,
Itatiba,São Paulo,352340,-23.0055542,-46.8397726,Não,,,,,,,,,,,,,,,,,,,,,,
Itu,São Paulo,352390,-23.2637798,-47.2998462,Não,,,,,,,,,,,,,,,,,,,,,,
Itupeva,São Paulo,352400,-23.1531055,-47.0580347,Não,,,,,,,,,,,,,,,,,,,,,,
Jaboticabal,São Paulo,352430,-21.252037,-48.325223,Não,,,,,,,,,,,,,,,,,,,,,,
Jacareí,São Paulo,352440,-23.3050682,-45.9723075,Não,,,,,,,,,,,,,,,,,,,,,,
Jaguariúna,São Paulo,352470,-22.70374,-46.985062,Não,,,,,,,,,,,,,,,,,,,,,,
Jandira,São Paulo,352500,-23.5282246,-46.902003,Não,,,,,,,,,,,,,,,,,,,,,,
Jaú,São Paulo,352530,-22.293585,-48.559193,Não,,,,,,,,,,,,,,,,,,,,,,
Jundiaí,São Paulo,352590,-23.1887668,-46.884506,Não,,,,,,,,,,,,,,,,,,,,,,
Juquitiba,São Paulo,352620,-23.932346,-47.0714217,Não,,,,,,,,,,,,,,,,,,,,,,
Leme,São Paulo,352670,-22.1844807,-47.385295,Não,,,,,,,,,,,,,,,,,,,,,,
Lençóis Paulista,São Paulo,352680,-22.6029897,-48.8031367,Não,,,,,,,,,,,,,,,,,,,,,,
Limeira,São Paulo,352690,-22.5615068,-47.401766,Não,,,,,,,,,,,,,,,,,,,,,,
Lins,São Paulo,352710,-21.6741873,-49.7518932,Não,,,,,,,,,,,,,,,,,,,,,,
Lorena,São Paulo,352720,-22.7367652,-45.1070876,Não,,,,,,,,,,,,,,,,,,,,,,
Mairiporã,São Paulo,352850,-23.3190348,-46.5876377,Não,,,,,,,,,,,,,,,,,,,,,,
Marília,São Paulo,352900,-22.2172002,-49.9500061,Não,,,,,,,,,,,,,,,,,,,,,,
Matão,São Paulo,352930,-21.6033611,-48.3660603,Não,,,,,,,,,,,,,,,,,,,,,,
Mauá,São Paulo,352940,-23.6669527,-46.4616922,Não,,,,,,,,,,,,,,,,,,,,,,
Mirassol,São Paulo,353030,-20.8141411,-49.507449,Não,,,,,,,,,,,,,,,,,,,,,,
Mococa,São Paulo,353050,-21.464731,-47.002405,Não,,,,,,,,,,,,,,,,,,,,,,
Mogi das Cruzes,São Paulo,353060,-23.5234284,-46.1926671,Não,,,,,,,,,,,,,,,,,,,,,,
Mogi Guaçu,São Paulo,353070,-22.372222,-46.9425,Não,,,,,,,,,,,,,,,,,,,,,,
Mogi Mirim,São Paulo,353080,-22.433123,-46.958246,Não,,,,,,,,,,,,,,,,,,,,,,
Mongaguá,São Paulo,353110,-24.0959454,-46.6234361,Não,,,,,,,,,,,,,,,,,,,,,,
Monte Alto,São Paulo,353130,-21.265545,-48.497066,Não,,,,,,,,,,,,,,,,,,,,,,
Monte Mor,São Paulo,353180,-22.945043,-47.312182,Não,,,,,,,,,,,,,,,,,,,,,,
Nova Odessa,São Paulo,353340,-22.7805746,-47.2993805,Não,,,,,,,,,,,,,,,,,,,,,,
Olímpia,São Paulo,353390,-20.736634,-48.910625,Não,,,,,,,,,,,,,,,,,,,,,,
Osasco,São Paulo,353440,-23.5324859,-46.7916801,Não,,,,,,,,,,,,,,,,,,,,,,
Ourinhos,São Paulo,353470,-22.9777918,-49.868204,Não,,,,,,,,,,,,,,,,,,,,,,
Paulínia,São Paulo,353650,-22.7630391,-47.1532213,Não,,,,,,,,,,,,,,,,,,,,,,
Penápolis,São Paulo,353730,-21.4192406,-50.0765588,Não,,,,,,,,,,,,,,,,,,,,,,
Peruíbe,São Paulo,353760,-24.3218105,-46.9977452,Não,,,,,,,,,,,,,,,,,,,,,,
Piedade,São Paulo,353780,-23.7074096,-47.4252319,Não,,,,,,,,,,,,,,,,,,,,,,
Pindamonhangaba,São Paulo,353800,-22.9364,-45.4622602,Não,,,,,,,,,,,,,,,,,,,,,,
Piracicaba,São Paulo,353870,-22.725165,-47.6493269,Não,,,,,,,,,,,,,,,,,,,,,,
Pirapora do Bom Jesus,São Paulo,353910,-23.3972146,-47.0025661,Não,,,,,,,,,,,,,,,,,,,,,,
Pirassununga,São Paulo,353930,-21.9980468,-47.4280861,Não,,,,,,,,,,,,,,,,,,,,,,
Poá,São Paulo,353980,-23.5249082,-46.3445663,Não,,,,,,,,,,,,,,,,,,,,,,
Porto Feliz,São Paulo,354060,-23.2110713,-47.5247163,Não,,,,,,,,,,,,,,,,,,,,,,
Porto Ferreira,São Paulo,354070,-21.8529134,-47.4794943,Não,,,,,,,,,,,,,,,,,,,,,,
Praia Grande,São Paulo,354100,-24.008979,-46.4144939,Não,,,,,,,,,,,,,,,,,,,,,,
Presidente Prudente,São Paulo,354140,-22.1225167,-51.3882528,Não,,,,,,,,,,,,,,,,,,,,,,
Registro,São Paulo,354260,-24.497942,-47.844895,Não,,,,,,,,,,,,,,,,,,,,,,
Ribeirão Pires,São Paulo,354330,-23.7134177,-46.4160929,Não,,,,,,,,,,,,,,,,,,,,,,
Ribeirão Preto,São Paulo,354340,-21.1776315,-47.8100983,Não,,,,,,,,,,,,,,,,,,,,,,
Rio Claro,São Paulo,354390,-22.4100108,-47.5603933,Não,,,,,,,,,,,,,,,,,,,,,,
Rio Grande da Serra,São Paulo,354410,-23.7441905,-46.3924746,Não,,,,,,,,,,,,,,,,,,,,,,
Salesópolis,São Paulo,354500,-23.528805,-45.84653,Não,,,,,,,,,,,,,,,,,,,,,,
Salto,São Paulo,354520,-23.1989983,-47.2913682,Não,,,,,,,,,,,,,,,,,,,,,,
Santa Bárbara d'Oeste,São Paulo,354580,-22.7542539,-47.4137884,Não,,,,,,,,,,,,,,,,,,,,,,
Santa Isabel,São Paulo,354680,-23.3194222,-46.2271903,Não,,,,,,,,,,,,,,,,,,,,,,
Santana de Parnaíba,São Paulo,354730,-23.4446715,-46.9167722,Não,,,,,,,,,,,,,,,,,,,,,,
Santo André,São Paulo,354780,-23.6533509,-46.5279039,Não,,,,,,,,,,,,,,,,,,,,,,
Santos,São Paulo,354850,-23.9335988,-46.3286399,Não,,,,,,,,,,,,,,,,,,,,,,
São Bernardo do Campo,São Paulo,354870,-23.7080345,-46.5506747,Não,,,,,,,,,,,,,,,,,,,,,,
São Caetano do Sul,São Paulo,354880,-23.6195923,-46.5688323,Não,,,,,,,,,,,,,,,,,,,,,,
São Carlos,São Paulo,354890,-21.8788022,-47.8567619,Não,,,,,,,,,,,,,,,,,,,,,,
São João da Boa Vista,São Paulo,354910,-21.9687099,-46.7969216,Não,,,,,,,,,,,,,,,,,,,,,,
São Joaquim da Barra,São Paulo,354940,-20.5814993,-47.8608238,Não,,,,,,,,,,,,,,,,,,,,,,
São José do Rio Pardo,São Paulo,354970,-21.595288,-46.887303,Não,,,,,,,,,,,,,,,,,,,,,,
São José do Rio Preto,São Paulo,354980,-20.8125851,-49.3804212,Não,,,,,,,,,,,,,,,,,,,,,,
São José dos Campos,São Paulo,354990,-23.1867782,-45.8854538,Não,,,,,,,,,,,,,,,,,,,,,,
São Lourenço da Serra,São Paulo,354995,-23.8535923,-46.9440587,Não,,,,,,,,,,,,,,,,,,,,,,
São Paulo,São Paulo,355030,-23.5506507,-46.6333824,Não,,,,,,,,,,,,,,,,,,,,,,
São Roque,São Paulo,355060,-23.5304843,-47.1355473,Não,,,,,,,,,,,,,,,,,,,,,,
São Sebastião,São Paulo,355070,-23.8027866,-45.4070527,Não,,,,,,,,,,,,,,,,,,,,,,
São Vicente,São Paulo,355100,-23.9664177,-46.3861401,Não,,,,,,,,,,,,,,,,,,,,,,
Sertãozinho,São Paulo,355170,-21.1375782,-47.9913741,Não,,,,,,,,,,,,,,,,,,,,,,
Sorocaba,São Paulo,355220,-23.5003451,-47.4582864,Não,,,,,,,,,,,,,,,,,,,,,,
Sumaré,São Paulo,355240,-22.8217964,-47.267105,Não,,,,,,,,,,,,,,,,,,,,,,
Suzano,São Paulo,355250,-23.5427842,-46.3108391,Não,,,,,,,,,,,,,,,,,,,,,,
Taboão da Serra,São Paulo,355280,-23.6121912,-46.7790539,Não,,,,,,,,,,,,,,,,,,,,,,
Taquaritinga,São Paulo,355370,-21.4064327,-48.5056132,Não,,,,,,,,,,,,,,,,,,,,,,
Tatuí,São Paulo,355400,-23.3489848,-47.8490165,Não,,,,,,,,,,,,,,,,,,,,,,
Taubaté,São Paulo,355410,-23.031448,-45.5612792,Não,,,,,,,,,,,,,,,,,,,,,,
Tupã,São Paulo,355500,-21.9349129,-50.5141255,Não,,,,,,,,,,,,,,,,,,,,,,
Ubatuba,São Paulo,355540,-23.433162,-45.083415,Não,,,,,,,,,,,,,,,,,,,,,,
Valinhos,São Paulo,355620,-22.97056,-46.99583,Não,,,,,,,,,,,,,,,,,,,,,,
Vargem Grande Paulista,São Paulo,355645,-23.599338,-47.022038,Não,,,,,,,,,,,,,,,,,,,,,,
Várzea Paulista,São Paulo,355650,-23.2113889,-46.8283333,Não,,,,,,,,,,,,,,,,,,,,,,
Vinhedo,São Paulo,355670,-23.0298535,-46.9749847,Não,,,,,,,,,,,,,,,,,,,,,,
Votorantim,São Paulo,355700,-23.5383101,-47.4422496,Não,,,,,,,,,,,,,,,,,,,,,,
Votuporanga,São Paulo,355710,-20.4252908,-49.972028,Não,,,,,,,,,,,,,,,,,,,,,,
Aracaju,Sergipe,280030,-10.9162061,-37.0774655,Não,,,,,,,,,,,,,,,,,,,,,,
Barra dos Coqueiros,Sergipe,280060,-10.9075694,-37.0386249,Não,,,,,,,,,,,,,,,,,,,,,,
Estância,Sergipe,280210,-11.2682255,-37.4378341,Não,,,,,,,,,,,,,,,,,,,,,,
Itabaiana,Sergipe,280290,-10.6856197,-37.4270517,Não,,,,,,,,,,,,,,,,,,,,,,
Lagarto,Sergipe,280350,-10.9141791,-37.6715308,Não,,,,,,,,,,,,,,,,,,,,,,
Nossa Senhora do Socorro,Sergipe,280480,-10.8553115,-37.1264863,Não,,,,,,,,,,,,,,,,,,,,,,
São Cristóvão,Sergipe,280670,-11.0136465,-37.2071134,Não,,,,,,,,,,,,,,,,,,,,,,
Tobias Barreto,Sergipe,280740,-11.1878721,-38.0030397,Não,,,,,,,,,,,,,,,,,,,,,,
Araguaína,Tocantins,170210,-7.193241,-48.2018597,Sim,171301.0,163091.0,8210.0,56218.0,115083.0,0.048,0.952,0.672,0.328,42.82,4000.416,93576361.94,0.0068,6.305,0.058,148.32,0.3,0.261,7.14,4480972.48,12.726,393
Gurupi,Tocantins,170950,-11.72794,-49.068046,Sim,85125.0,83179.0,1946.0,53604.0,31521.0,0.023,0.977,0.37,0.63,46.36,1836.091,55338594.19,0.0024,3.759,0.235,150.24,0.301,0.424,7.38,1953491.54,6.814,73
Palmas,Tocantins,172100,-10.1837852,-48.3336423,Sim,302692.0,296432.0,6260.0,272301.0,30391.0,0.021,0.979,0.1,0.9,136.41,2218.942,247949577.38,0.0023,0.694,0,158.59,0.317,0.645,7.81,10123834.68,3.205,244
Paraíso do Tocantins,Tocantins,171610,-10.1752474,-48.886759,Sim,52360.0,50647.0,1713.0,13841.0,38519.0,0.033,0.967,0.736,0.264,41.29,1268.06,25718768.44,0.003,2.101,0.191,139.41,0.262,0.151,7.13,1420308.22,9.167,55
Porto Nacional,Tocantins,171820,-10.7019786,-48.4110952,Sim,64418.0,55622.0,8796.0,42089.0,22329.0,0.137,0.863,0.347,0.653,14.48,4449.917,39727039.78,0.0075,6.365,0.155,129.97,0.391,0.49,7.34,2297309.88,14.747,161
